country_code,measure,year,published_per_1000,fte,total_employment,recomputed_per_1000,relative_difference
AUS,T_RS,1981,3.652621156,24208.0,6627569.344,3.652621156,5.16e-11
AUS,T_RS,1984,4.196717883,28776.0,6856786.852,4.196717883,5.93e-11
AUS,T_RS,1985,4.202240445,29866.0,7107161.142,4.202240445,1.50e-12
AUS,T_RS,1986,4.809301164,35029.0,7283594.602999999,4.809301164,6.60e-11
AUS,T_RS,1987,4.903465389,36730.0,7490620.834000001,4.903465389,4.47e-11
AUS,T_RS,1988,5.116140373,40012.0,7820739.284999999,5.116140373,6.74e-11
AUS,T_RS,1990,5.360986249,43176.0,8053741.979,5.360986249,5.59e-11
AUS,T_RS,1992,6.624428344,52157.0,7873434.097999999,6.624428344,6.53e-11
AUS,T_RS,1994,6.834354575,56872.8,8321605.116,6.834354575,7.25e-11
AUS,T_RS,1996,7.129764447,61040.76,8561399.251,7.129764447,5.98e-11
AUS,T_RS,1998,7.103418863,62864.5,8849893.44,7.103418863,4.40e-11
AUS,T_RS,2000,7.147893972,66001.4,9233684.810999999,7.147893972,1.59e-12
AUS,T_RS,2002,7.646429285,73173.0,9569564.73,7.646429285,5.23e-11
AUS,T_RS,2004,8.097759544,81191.5,10026415.28,8.097759541,3.17e-10
AUS,T_RS,2006,8.224280744,87201.0,10602872.48,8.224280747,3.63e-10
AUS,T_RS,2008,8.380744296,92648.8,11054960.84,8.380744296,2.52e-11
AUS,T_TT,1981,6.719205441,44532.0,6627569.344,6.719205441,7.16e-11
AUS,T_TT,1984,7.475221428,51256.0,6856786.852,7.475221428,6.44e-11
AUS,T_TT,1985,7.493709363,53259.0,7107161.142,7.493709364,1.10e-10
AUS,T_TT,1986,8.248537058,60079.0,7283594.602999999,8.248537058,2.84e-11
AUS,T_TT,1987,8.370734734,62702.0,7490620.834000001,8.370734735,8.95e-11
AUS,T_TT,1988,8.429637864,65926.0,7820739.284999999,8.429637864,1.98e-11
AUS,T_TT,1990,8.573406025,69048.0,8053741.979,8.573406024,9.49e-11
AUS,T_TT,1992,10.09851597,79510.0,7873434.097999999,10.098515973,2.84e-10
AUS,T_TT,1994,10.44064201,86882.9,8321605.116,10.440642014,4.06e-10
AUS,T_TT,1996,10.59307099,90691.51,8561399.251,10.593070985,4.36e-10
AUS,T_TT,1998,10.34853138,91583.4,8849893.44,10.348531383,2.89e-10
AUS,T_TT,2000,10.35562746,95620.6,9233684.810999999,10.355627462,1.49e-10
AUS,T_TT,2002,11.20312188,107209.0,9569564.73,11.203121879,8.15e-11
AUS,T_TT,2004,11.58880784,116194.2,10026415.28,11.58880784,3.41e-11
AUS,T_TT,2006,11.94976175,126701.8,10602872.48,11.94976175,1.29e-11
AUS,T_TT,2008,12.43683284,137488.7,11054960.84,12.436832838,1.44e-10
AUT,T_RS,1981,1.93846226,6712.0,3462538.3940000003,1.93846226,8.49e-11
AUT,T_RS,1985,2.22711703,7609.0,3416524.547,2.227117029,2.68e-10
AUT,T_RS,1989,2.51682632,8782.0,3489315.068,2.516826319,2.18e-10
AUT,T_RS,1993,3.560592036,12821.0,3600805.672,3.560592036,8.53e-11
AUT,T_RS,1998,5.107137789,18714.8,3664440.0,5.107137789,2.55e-11
AUT,T_RS,2002,6.384004594,24124.1,3778835.0,6.384004594,1.33e-12
AUT,T_RS,2004,6.781214443,25955.2,3827515.0,6.781214443,4.63e-11
AUT,T_RS,2005,7.349681161,28469.6,3873583.0,7.349681161,2.35e-11
AUT,T_RS,2006,7.408376253,29198.7,3941309.0,7.408376253,4.57e-11
AUT,T_RS,2007,7.892735582,31675.6,4013260.0,7.892735582,5.74e-11
AUT,T_RS,2008,8.438369845,34508.3,4089451.0,8.438369845,2.91e-11
AUT,T_RS,2009,8.522126892,34663.7,4067494.0,8.522126892,1.29e-11
AUT,T_RS,2010,8.926032874,36580.9,4098225.9999999995,8.926032874,2.96e-11
AUT,T_RS,2011,8.917400076,37113.8,4161953.0000000005,8.917400076,4.02e-11
AUT,T_RS,2012,9.440939759,39700.7,4205164.0,9.440939759,1.80e-11
AUT,T_RS,2013,9.570318603,40425.6,4224060.0,9.570318603,4.48e-11
AUT,T_RS,2014,9.991709321,42627.0,4266237.0,9.991709321,3.53e-11
AUT,T_RS,2015,10.14964446,43562.0,4291973.0,10.149644464,4.15e-10
AUT,T_RS,2016,10.80745804,46992.6,4348164.0,10.807458044,4.03e-10
AUT,T_RS,2017,10.75106315,47521.0,4420121.0,10.75106315,3.45e-11
AUT,T_RS,2018,11.14535599,50139.0,4498645.0,11.145355991,4.72e-11
AUT,T_RS,2019,11.60348714,52794.3,4549865.0,11.603487136,3.08e-10
AUT,T_RS,2020,11.59525991,51892.0,4475277.0,11.595259914,3.04e-10
AUT,T_RS,2021,12.38247642,56533.1,4565573.0,12.382476416,2.88e-10
AUT,T_RS,2022,12.71656657,59646.0,4690417.0,12.716566565,3.61e-10
AUT,T_RS,2023,12.81783821,60605.7,4728231.0,12.817838215,3.71e-10
AUT,T_RS,2024,13.06685669,61832.0,4731972.0,13.066856693,2.41e-10
AUT,T_TT,1981,5.371492784,18599.0,3462538.3940000003,5.371492785,1.24e-10
AUT,T_TT,1985,5.901025947,20161.0,3416524.547,5.901025947,2.03e-11
AUT,T_TT,1989,6.615625002,23084.0,3489315.068,6.615625001,1.61e-10
AUT,T_TT,1993,6.792368772,24458.0,3600805.672,6.792368772,2.18e-11
AUT,T_TT,1998,8.543624674,31307.6,3664440.0,8.543624674,1.25e-11
AUT,T_TT,2002,10.2924314,38893.4,3778835.0,10.292431398,2.42e-10
AUT,T_TT,2004,11.20604361,42891.3,3827515.0,11.206043608,1.85e-10
AUT,T_TT,2005,12.29484433,47625.1,3873583.0,12.294844334,3.29e-10
AUT,T_TT,2006,12.52809663,49377.1,3941309.0,12.52809663,1.39e-11
AUT,T_TT,2007,13.26908797,53252.3,4013260.0,13.269087973,2.54e-10
AUT,T_TT,2008,14.18635411,58014.4,4089451.0,14.18635411,2.57e-11
AUT,T_TT,2009,13.87525095,56437.5,4067494.0,13.875250953,2.19e-10
AUT,T_TT,2010,14.62176561,59923.3,4098225.9999999995,14.621765613,1.87e-10
AUT,T_TT,2011,14.69754704,61170.5,4161953.0000000005,14.697547041,6.92e-11
AUT,T_TT,2012,15.47815971,65088.2,4205164.0,15.47815971,1.93e-11
AUT,T_TT,2013,15.6688352,66186.1,4224060.0,15.668835196,2.25e-10
AUT,T_TT,2014,16.44024933,70138.0,4266237.0,16.440249334,2.73e-10
AUT,T_TT,2015,16.6347738,71396.0,4291973.0,16.634773798,1.50e-10
AUT,T_TT,2016,17.28658349,75164.9,4348164.0,17.286583487,1.89e-10
AUT,T_TT,2017,17.19636182,76010.0,4420121.0,17.196361819,5.50e-11
AUT,T_TT,2018,17.82714573,80198.0,4498645.0,17.827145729,3.16e-11
AUT,T_TT,2019,18.38733677,83659.9,4549865.0,18.387336767,1.56e-10
AUT,T_TT,2020,18.33464163,82052.6,4475277.0,18.334641632,1.22e-10
AUT,T_TT,2021,19.15612783,87458.7,4565573.0,19.156127829,5.94e-11
AUT,T_TT,2022,19.6730909,92275.0,4690417.0,19.6730909,1.03e-12
AUT,T_TT,2023,19.80252234,93630.9,4728231.0,19.802522339,6.60e-11
AUT,T_TT,2024,20.18714396,95525.0,4731972.0,20.187143965,2.23e-10
BEL,T_RS,1981,3.413798886,12747.0,3733963.372,3.413798886,2.37e-11
BEL,T_RS,1982,3.638527681,13410.0,3685556.68,3.638527681,5.55e-12
BEL,T_RS,1983,3.692117692,13431.0,3637749.6930000004,3.692117692,4.41e-11
BEL,T_RS,1984,3.824522945,13906.0,3636009.04,3.824522945,1.23e-10
BEL,T_RS,1985,4.039372345,14759.0,3653785.474,4.039372345,1.19e-10
BEL,T_RS,1986,4.270908984,15705.0,3677203.157,4.270908984,4.94e-11
BEL,T_RS,1987,4.332169667,16045.0,3703686.89,4.332169667,5.76e-11
BEL,T_RS,1988,4.408665078,16646.0,3775746.106,4.408665078,5.51e-11
BEL,T_RS,1989,4.595854131,17620.0,3833890.175,4.595854131,8.09e-11
BEL,T_RS,1991,4.656490223,18105.0,3888121.554,4.656490222,1.12e-10
BEL,T_RS,1993,5.437476943,20978.79055,3858184.736,5.437476945,2.94e-10
BEL,T_RS,1994,5.873023993,22563.09734,3841819.37,5.873023994,1.43e-10
BEL,T_RS,1995,6.024740445,23308.51583,3868800.0,6.024740444,1.55e-10
BEL,T_RS,1996,6.478408603,25129.74697,3879000.0,6.478408603,4.13e-11
BEL,T_RS,1997,6.724768787,26262.91202,3905400.0,6.724768787,2.85e-11
BEL,T_RS,1998,6.943306591,27592.00606,3973900.0,6.943306591,7.16e-11
BEL,T_RS,1999,7.379939661,29731.56291,4028700.0,7.37993966,7.64e-11
BEL,T_RS,2000,7.431110543,30539.635,4109700.0,7.431110543,4.69e-11
BEL,T_RS,2001,7.737999029,32236.50395,4166000.0,7.737999028,1.49e-10
BEL,T_RS,2002,7.344769901,30668.08672,4175500.0,7.344769901,5.30e-11
BEL,T_RS,2003,7.411334582,30917.12334,4171600.0000000005,7.411334581,7.35e-11
BEL,T_RS,2004,7.690938099,32400.38403,4212800.0,7.690938101,2.02e-10
BEL,T_RS,2005,7.75671959,33146.01415,4273200.0,7.75671959,6.00e-11
BEL,T_RS,2006,8.071210672,34878.9298,4321400.0,8.071210672,5.79e-11
BEL,T_RS,2007,8.266591706,36318.444,4393400.0,8.266591706,3.14e-11
BEL,T_RS,2008,8.224003846,36774.4556,4471600.0,8.224003846,6.05e-11
BEL,T_RS,2009,8.559780885,38225.4135,4465700.0,8.559780885,4.85e-11
BEL,T_RS,2010,9.080338709,40832.46711,4496800.0,9.08033871,8.25e-11
BEL,T_RS,2011,9.376954747,42685.7734,4552200.0,9.376954747,1.66e-11
BEL,T_RS,2012,9.992329944,45597.0,4563200.0,9.992329944,1.01e-11
BEL,T_RS,2013,10.18188507,46355.06817,4552700.0,10.181885073,2.55e-10
BEL,T_RS,2014,11.12229712,50820.0,4569200.0,11.12229712,1.39e-11
BEL,T_RS,2015,11.54161693,53178.0,4607500.0,11.541616929,9.36e-11
BEL,T_RS,2016,11.63508531,54280.0,4665200.0,11.635085313,2.17e-10
BEL,T_RS,2017,11.40709428,54010.31,4734800.0,11.407094281,5.66e-11
BEL,T_RS,2018,11.95907798,57456.19426,4804400.0,11.959077983,2.24e-10
BEL,T_RS,2019,12.42106428,60618.52,4880300.0,12.421064279,9.38e-11
BEL,T_RS,2020,12.80956083,62447.89,4875100.0,12.80956083,3.74e-11
BEL,T_RS,2021,13.45274242,66689.28,4957300.0,13.45274242,2.00e-11
BEL,T_RS,2022,13.34169174,67412.9,5052800.0,13.341691735,3.54e-10
BEL,T_RS,2023,13.76439254,70073.146,5090900.0,13.764392544,2.59e-10
BEL,T_RS,2024,14.19119088,72429.0,5103800.0,14.191190877,1.84e-10
BEL,T_TT,1981,8.712190443,32531.0,3733963.372,8.712190442,1.25e-10
BEL,T_TT,1982,8.965267086,33042.0,3685556.68,8.965267087,9.71e-11
BEL,T_TT,1983,9.080338887,33032.0,3637749.6930000004,9.080338887,4.48e-11
BEL,T_TT,1984,9.183145486,33390.0,3636009.04,9.183145485,8.18e-11
BEL,T_TT,1985,9.540516335,34859.0,3653785.474,9.540516335,2.06e-11
BEL,T_TT,1986,9.845254247,36203.0,3677203.157,9.845254247,4.04e-11
BEL,T_TT,1987,9.916335018,36727.0,3703686.89,9.916335017,8.21e-11
BEL,T_TT,1988,9.7384726,36770.0,3775746.106,9.738472601,5.88e-11
BEL,T_TT,1989,10.4502211,40065.0,3833890.175,10.4502211,4.66e-11
BEL,T_TT,1991,10.30394741,40063.0,3888121.554,10.303947406,4.02e-10
BEL,T_TT,1993,9.534748726,36786.822,3858184.736,9.534748727,1.02e-10
BEL,T_TT,1994,10.09077001,38766.9157,3841819.37,10.090770015,4.48e-10
BEL,T_TT,1995,10.29605705,39833.3855,3868800.0,10.296057046,3.78e-10
BEL,T_TT,1996,10.97613057,42576.4105,3879000.0,10.976130575,4.46e-10
BEL,T_TT,1997,11.31980681,44208.3735,3905400.0,11.319806806,3.57e-10
BEL,T_TT,1998,11.68028254,46416.2748,3973900.0,11.680282544,3.08e-10
BEL,T_TT,1999,12.27834813,49465.78111,4028700.0,12.27834813,2.69e-11
BEL,T_TT,2000,12.99155797,53391.40578,4109700.0,12.991557968,1.74e-10
BEL,T_TT,2001,13.42993318,55949.10161,4166000.0,13.429933176,3.20e-10
BEL,T_TT,2002,12.4666171,52054.3597,4175500.0,12.4666171,2.02e-11
BEL,T_TT,2003,12.52672057,52256.46752,4171600.0000000005,12.526720568,1.88e-10
BEL,T_TT,2004,12.40331468,52252.68408,4212800.0,12.403314679,7.47e-11
BEL,T_TT,2005,12.52389234,53517.09674,4273200.0,12.523892338,1.36e-10
BEL,T_TT,2006,12.89252321,55713.7498,4321400.0,12.89252321,5.49e-12
BEL,T_TT,2007,13.19326481,57963.2896,4393400.0,13.193264806,2.80e-10
BEL,T_TT,2008,13.07713863,58475.7331,4471600.0,13.07713863,3.58e-11
BEL,T_TT,2009,13.38108126,59755.8946,4465700.0,13.381081264,2.88e-10
BEL,T_TT,2010,13.3594049,60074.57195,4496800.0,13.359404899,7.19e-11
BEL,T_TT,2011,13.81632573,62894.678,4552200.0,13.816325733,1.89e-10
BEL,T_TT,2012,14.68377454,67005.0,4563200.0,14.683774544,2.85e-10
BEL,T_TT,2013,14.91389096,67898.47137,4552700.0,14.913890959,5.29e-11
BEL,T_TT,2014,15.93167294,72795.0,4569200.0,15.931672941,3.51e-11
BEL,T_TT,2015,16.82474227,77520.0,4607500.0,16.824742268,1.16e-10
BEL,T_TT,2016,16.957258,79109.0,4665200.0,16.957257995,2.73e-10
BEL,T_TT,2017,17.46349582,82686.16,4734800.0,17.463495818,1.03e-10
BEL,T_TT,2018,18.44014237,88593.82,4804400.0,18.440142369,2.74e-11
BEL,T_TT,2019,19.16364158,93524.32,4880300.0,19.163641579,3.07e-11
BEL,T_TT,2020,19.68489672,95965.84,4875100.0,19.68489672,3.42e-12
BEL,T_TT,2021,20.86799609,103448.917,4957300.0,20.867996087,1.64e-10
BEL,T_TT,2022,20.40202462,103087.35,5052800.0,20.40202462,6.21e-13
BEL,T_TT,2023,20.72137681,105490.4572,5090900.0,20.72137681,1.92e-11
BEL,T_TT,2024,21.34174537,108924.0,5103800.0,21.341745366,1.78e-10
BGR,T_RS,1995,3.976048217,13990.0,3518569.0,3.976048217,8.28e-11
BGR,T_RS,1996,4.080525016,14751.0,3614976.0,4.080525016,1.62e-11
BGR,T_RS,1997,3.419033686,11980.0,3503914.0,3.419033686,9.62e-11
BGR,T_RS,1998,3.452216417,11972.0,3467917.0,3.452216417,1.62e-11
BGR,T_RS,1999,3.18852853,10580.0,3318145.0,3.18852853,7.78e-11
BGR,T_RS,2000,2.926344354,9479.0,3239195.0,2.926344354,2.58e-11
BGR,T_RS,2001,2.867105893,9217.0,3214740.0,2.867105893,1.67e-10
BGR,T_RS,2002,2.86240204,9223.0,3222119.0,2.86240204,1.38e-10
BGR,T_RS,2003,2.890525383,9589.0,3317390.0,2.890525383,3.24e-11
BGR,T_RS,2004,2.887410953,9827.0,3403395.0,2.887410953,3.92e-11
BGR,T_RS,2005,2.876174302,10053.0,3495268.0,2.876174302,2.02e-11
BGR,T_RS,2006,2.861539262,10336.0,3612042.0,2.861539262,9.74e-11
BGR,T_RS,2007,3.006110968,11203.0,3726742.0,3.006110968,9.87e-11
BGR,T_RS,2008,2.984286619,11384.0,3814647.0,2.984286619,1.49e-10
BGR,T_RS,2009,3.192066775,11968.0,3749295.0,3.192066775,6.90e-11
BGR,T_RS,2010,3.046434612,10979.0,3603885.0,3.046434612,1.52e-10
BGR,T_RS,2011,3.376883076,11902.0,3524552.0,3.376883076,6.03e-11
BGR,T_RS,2012,3.28833169,11300.0,3436393.0,3.28833169,1.06e-10
BGR,T_RS,2013,3.587527038,12275.0,3421577.0,3.587527038,8.06e-12
BGR,T_RS,2014,3.844020308,13201.0,3434165.0,3.844020308,7.75e-11
BGR,T_RS,2015,4.130910036,14236.0,3446214.0,4.130910036,8.40e-11
BGR,T_RS,2016,4.620097264,16001.0,3463347.0,4.620097264,6.36e-11
BGR,T_RS,2017,4.281558267,15094.0,3525352.0,4.281558267,2.09e-11
BGR,T_RS,2018,4.691280199,16521.0,3521640.0,4.691280199,3.85e-13
BGR,T_RS,2019,4.885114732,16940.0,3467677.0,4.885114732,8.75e-11
BGR,T_RS,2020,4.900289919,16691.0,3406125.0,4.900289919,2.12e-11
BGR,T_RS,2021,4.761734316,16230.0,3408422.0,4.761734316,4.99e-11
BGR,T_RS,2022,5.076930581,17487.0,3444404.0,5.076930581,5.25e-11
BGR,T_RS,2023,4.698091063,16356.0,3481414.0,4.698091063,1.89e-13
BGR,T_RS,2024,5.002164166,17601.0,3518677.0,5.002164166,6.41e-11
BGR,T_TT,1995,7.120792572,25055.0,3518569.0,7.120792572,2.92e-11
BGR,T_TT,1996,7.236009312,26158.0,3614976.0,7.236009312,5.14e-11
BGR,T_TT,1997,5.315484341,18625.0,3503914.0,5.315484341,4.24e-11
BGR,T_TT,1998,5.512242652,19116.0,3467917.0,5.512242652,5.21e-11
BGR,T_TT,1999,4.848190781,16087.0,3318145.0,4.848190781,6.08e-11
BGR,T_TT,2000,4.710738316,15259.0,3239195.0,4.710738316,3.31e-11
BGR,T_TT,2001,4.65014278,14949.0,3214740.0,4.65014278,3.86e-11
BGR,T_TT,2002,4.664321833,15029.0,3222119.0,4.664321833,1.49e-11
BGR,T_TT,2003,4.658180075,15453.0,3317390.0,4.658180075,6.44e-11
BGR,T_TT,2004,4.597468116,15647.0,3403395.0,4.597468116,8.60e-11
BGR,T_TT,2005,4.535560649,15853.0,3495268.0,4.535560649,9.41e-11
BGR,T_TT,2006,4.51849674,16321.0,3612042.0,4.51849674,1.07e-10
BGR,T_TT,2007,4.545525287,16940.0,3726742.0,4.545525287,5.17e-11
BGR,T_TT,2008,4.513917015,17219.0,3814647.0,4.513917015,2.80e-11
BGR,T_TT,2009,4.862247436,18230.0,3749295.0,4.862247436,3.06e-11
BGR,T_TT,2010,4.598925881,16574.0,3603885.0,4.598925881,8.16e-11
BGR,T_TT,2011,4.819335904,16986.0,3524552.0,4.819335904,5.21e-11
BGR,T_TT,2012,4.876624996,16758.0,3436393.0,4.876624996,7.19e-12
BGR,T_TT,2013,5.127752495,17545.0,3421577.0,5.127752495,8.07e-11
BGR,T_TT,2014,5.63018958,19335.0,3434165.0,5.63018958,5.17e-11
BGR,T_TT,2015,6.526582505,22492.0,3446214.0,6.526582505,3.94e-11
BGR,T_TT,2016,7.235775104,25060.0,3463347.0,7.235775104,3.54e-11
BGR,T_TT,2017,6.606432492,23290.0,3525352.0,6.606432492,6.28e-11
BGR,T_TT,2018,7.32868777,25809.0,3521640.0,7.32868777,6.42e-11
BGR,T_TT,2019,7.612877439,26399.0,3467677.0,7.612877439,3.64e-11
BGR,T_TT,2020,7.658262689,26085.0,3406125.0,7.658262689,6.02e-11
BGR,T_TT,2021,7.370566203,25122.0,3408422.0,7.370566203,4.93e-11
BGR,T_TT,2022,7.864931059,27090.0,3444404.0,7.864931059,2.42e-11
BGR,T_TT,2023,7.298758493,25410.0,3481414.0,7.298758493,5.87e-12
BGR,T_TT,2024,7.523282188,26472.0,3518677.0,7.523282188,2.17e-11
CAN,T_RS,1981,3.518088119,40420.0,11489194.879999999,3.518088119,1.04e-10
CAN,T_RS,1982,3.978252657,44200.0,11110405.450000001,3.978252657,4.09e-11
CAN,T_RS,1983,4.078670416,45690.0,11202179.959999999,4.078670416,5.34e-11
CAN,T_RS,1984,4.25102881,48820.0,11484278.790000001,4.25102881,3.36e-11
CAN,T_RS,1985,4.418767431,52520.0,11885667.4,4.418767431,5.37e-11
CAN,T_RS,1986,4.68735753,57320.0,12228638.34,4.68735753,8.10e-11
CAN,T_RS,1987,4.710615265,59350.0,12599203.43,4.710615265,7.07e-11
CAN,T_RS,1988,4.788907672,62360.0,13021758.67,4.788907672,3.70e-11
CAN,T_RS,1989,4.789166679,63860.0,13334261.32,4.789166679,4.42e-11
CAN,T_RS,1990,4.901386154,65730.0,13410492.04,4.901386154,4.84e-11
CAN,T_RS,1991,5.138991932,67730.0,13179627.62,5.138991932,8.78e-11
CAN,T_RS,1992,5.522357167,72070.0,13050586.520000001,5.522357167,3.16e-11
CAN,T_RS,1993,5.737736824,75490.0,13156755.41,5.737736824,4.22e-12
CAN,T_RS,1994,6.404063985,85900.0,13413357.55,6.404063985,4.52e-11
CAN,T_RS,1995,6.412704756,87380.0,13626075.629999999,6.412704756,2.16e-11
CAN,T_RS,1996,6.573120133,90490.0,13766673.69,6.573120133,4.22e-11
CAN,T_RS,1997,6.638605651,93180.0,14036080.0,6.638605651,6.32e-11
CAN,T_RS,1998,6.634174212,95214.0,14352050.0,6.634174212,6.99e-12
CAN,T_RS,1999,6.697435438,98648.0,14729220.0,6.697435438,2.13e-11
CAN,T_RS,2000,7.162075648,107900.0,15065465.0,7.162075648,2.13e-11
CAN,T_RS,2001,7.531147124,114510.0,15204855.0,7.531147124,3.57e-11
CAN,T_RS,2002,7.443236177,115960.0,15579245.0,7.443236177,4.88e-11
CAN,T_RS,2003,7.741698782,123230.0,15917695.0,7.741698782,5.07e-11
CAN,T_RS,2004,8.058482406,130380.0,16179225.0,8.058482406,4.00e-11
CAN,T_RS,2005,8.322022708,136700.0,16426294.999999998,8.322022708,1.24e-11
CAN,T_RS,2006,8.43644983,140660.0,16672890.0,8.43644983,4.34e-11
CAN,T_RS,2007,8.898330997,151330.0,17006560.0,8.898330997,2.25e-12
CAN,T_RS,2008,9.113067251,157200.0,17249955.0,9.113067251,5.26e-11
CAN,T_RS,2009,8.836634326,150220.0,16999685.0,8.836634326,1.46e-11
CAN,T_RS,2010,9.132974696,158660.0,17372215.0,9.132974696,5.34e-11
CAN,T_RS,2011,9.353124643,165100.0,17651855.0,9.353124643,2.93e-11
CAN,T_RS,2012,9.041388972,161600.0,17873360.0,9.041388972,2.11e-11
CAN,T_RS,2013,9.007193943,163180.0,18116630.0,9.007193943,2.19e-11
CAN,T_RS,2014,8.913113901,161922.0,18166715.0,8.913113901,1.24e-11
CAN,T_RS,2015,8.876794447,162710.0,18329815.0,8.876794447,4.02e-11
CAN,T_RS,2016,8.603044179,159000.0,18481830.0,8.603044179,7.75e-12
CAN,T_RS,2017,8.572226125,161990.0,18897075.0,8.572226125,6.69e-12
CAN,T_RS,2018,9.075276638,174690.0,19249000.0,9.075276638,2.78e-11
CAN,T_RS,2019,9.255996083,182140.0,19678055.0,9.255996083,5.81e-12
CAN,T_RS,2020,11.06345102,196010.0,17716895.0,11.063451017,3.01e-10
CAN,T_RS,2021,11.00546624,211080.0,19179560.0,11.005466236,3.70e-10
CAN,T_RS,2022,11.22445654,225560.0,20095405.0,11.224456536,3.38e-10
CAN,T_RS,2023,11.32106808,235170.0,20772775.0,11.321068081,6.16e-11
CAN,T_TT,1981,7.776001794,89340.0,11489194.879999999,7.776001794,1.68e-11
CAN,T_TT,1982,8.393933094,93260.0,11110405.450000001,8.393933094,5.88e-11
CAN,T_TT,1983,8.478706853,94980.0,11202179.959999999,8.478706853,4.85e-11
CAN,T_TT,1984,8.556044467,98260.0,11484278.790000001,8.556044467,1.36e-11
CAN,T_TT,1985,8.587654068,102070.0,11885667.4,8.587654068,1.46e-11
CAN,T_TT,1986,8.87506826,108530.0,12228638.34,8.87506826,5.20e-11
CAN,T_TT,1987,8.776745341,110580.0,12599203.43,8.776745341,4.13e-11
CAN,T_TT,1988,8.840587736,115120.0,13021758.67,8.840587736,7.35e-12
CAN,T_TT,1989,8.676146149,115690.0,13334261.32,8.676146149,1.10e-11
CAN,T_TT,1990,8.654417724,116060.0,13410492.04,8.654417724,1.26e-11
CAN,T_TT,1991,8.894788486,117230.0,13179627.62,8.894788486,3.53e-11
CAN,T_TT,1992,9.376590072,122370.0,13050586.520000001,9.376590072,2.28e-11
CAN,T_TT,1993,9.671077407,127240.0,13156755.41,9.671077407,3.87e-11
CAN,T_TT,1994,10.70798266,143630.0,13413357.55,10.707982656,4.02e-10
CAN,T_TT,1995,10.63916009,144970.0,13626075.629999999,10.639160088,1.79e-10
CAN,T_TT,1996,10.43970412,143720.0,13766673.69,10.439704117,2.80e-10
CAN,T_TT,1997,10.37967866,145690.0,14036080.0,10.379678657,3.16e-10
CAN,T_TT,1998,10.30250034,147862.0,14352050.0,10.30250034,3.18e-11
CAN,T_TT,1999,10.41066669,153341.0,14729220.0,10.410666688,1.54e-10
CAN,T_TT,2000,11.14734925,167940.0,15065465.0,11.147349252,1.87e-10
CAN,T_TT,2001,11.78439387,179180.0,15204855.0,11.784393866,3.14e-10
CAN,T_TT,2002,11.76180232,183240.0,15579245.0,11.761802321,8.27e-11
CAN,T_TT,2003,12.3372134,196380.0,15917695.0,12.337213397,2.60e-10
CAN,T_TT,2004,13.00865771,210470.0,16179225.0,13.008657708,1.81e-10
CAN,T_TT,2005,13.30732219,218590.0,16426294.999999998,13.307322193,2.15e-10
CAN,T_TT,2006,13.73787028,229050.0,16672890.0,13.737870279,5.55e-11
CAN,T_TT,2007,14.62024066,248640.0,17006560.0,14.62024066,5.11e-12
CAN,T_TT,2008,14.87829968,256650.0,17249955.0,14.878299683,1.69e-10
CAN,T_TT,2009,13.92731689,236760.0,16999685.0,13.927316889,1.06e-10
CAN,T_TT,2010,13.41567555,233060.0,17372215.0,13.415675549,1.07e-10
CAN,T_TT,2011,13.59177265,239920.0,17651855.0,13.591772649,4.49e-11
CAN,T_TT,2012,12.93713102,231230.0,17873360.0,12.937131015,3.79e-10
CAN,T_TT,2013,12.85614378,232910.0,18116630.0,12.856143775,3.82e-10
CAN,T_TT,2014,13.01335987,236410.0,18166715.0,13.013359873,2.08e-10
CAN,T_TT,2015,13.34601577,244630.0,18329815.0,13.346015767,2.09e-10
CAN,T_TT,2016,12.3694461,228610.0,18481830.0,12.369446099,6.28e-11
CAN,T_TT,2017,12.25533581,231590.0,18897075.0,12.255335813,2.08e-10
CAN,T_TT,2018,13.01002649,250430.0,19249000.0,13.010026495,3.75e-10
CAN,T_TT,2019,13.01602216,256130.0,19678055.0,13.016022163,2.12e-10
CAN,T_TT,2020,15.43498452,273460.0,17716895.0,15.434984516,2.47e-10
CAN,T_TT,2021,15.30744188,293590.0,19179560.0,15.307441881,5.46e-11
CAN,T_TT,2022,15.73444277,316190.0,20095405.0,15.734442774,2.77e-10
CAN,T_TT,2023,15.70950439,326330.0,20772775.0,15.709504387,1.68e-10
CHE,T_RS,1992,4.451496157,17710.0,3978437.671,4.451496156,1.87e-10
CHE,T_RS,1996,5.66118753,22105.0,3904657.792,5.66118753,4.47e-11
CHE,T_RS,2000,6.490894218,26105.0,4021787.9269999997,6.490894218,5.31e-11
CHE,T_RS,2004,6.173193034,25400.0,4114564.3529999997,6.173193034,7.42e-11
CHE,T_RS,2008,5.652026347,25141.6998,4448263.022,5.652026347,5.05e-11
CHE,T_RS,2012,7.647238419,35785.0,4679467.023,7.647238419,3.55e-11
CHE,T_RS,2015,8.931336457,43756.0,4899154.814,8.931336457,2.82e-11
CHE,T_RS,2017,8.832829587,44275.0,5012550.006,8.832829587,1.55e-11
CHE,T_RS,2019,9.317428423,47535.0,5101729.559,9.317428423,1.08e-11
CHE,T_RS,2021,10.19204717,52066.0,5108492.841999999,10.192047167,2.55e-10
CHE,T_RS,2023,10.18380371,54013.0,5303813.933999999,10.183803707,3.37e-10
CHE,T_TT,1986,13.0849196,45000.0,3439073.482,13.084919597,2.32e-10
CHE,T_TT,1989,13.73605308,51000.0,3712856.94,13.736053078,1.23e-10
CHE,T_TT,1992,12.03236144,47870.0,3978437.671,12.032361434,5.01e-10
CHE,T_TT,1996,12.84491566,50155.0,3904657.792,12.844915655,3.87e-10
CHE,T_TT,2000,13.00043686,52285.0,4021787.9269999997,13.000436858,1.77e-10
CHE,T_TT,2004,12.69879276,52250.0,4114564.3529999997,12.698792756,3.14e-10
CHE,T_TT,2008,13.95279294,62065.6929,4448263.022,13.952792943,1.83e-10
CHE,T_TT,2012,16.12918728,75476.0,4679467.023,16.129187283,2.05e-10
CHE,T_TT,2015,16.62552075,81451.0,4899154.814,16.625520746,2.16e-10
CHE,T_TT,2017,15.74208734,78908.0,5012550.006,15.742087342,1.20e-10
CHE,T_TT,2019,16.90211114,86230.0,5101729.559,16.902111138,1.44e-10
CHE,T_TT,2021,17.80074923,90935.0,5108492.841999999,17.800749225,2.61e-10
CHE,T_TT,2023,18.23442549,96712.0,5303813.933999999,18.234425491,7.91e-11
CHL,T_RS,2007,0.845872807,5550.940861,6562382.444,0.845872807,4.48e-10
CHL,T_RS,2008,0.882529706,5959.075077,6752265.717,0.882529706,1.78e-10
CHL,T_RS,2009,0.72436222,4859.0,6707969.946,0.72436222,3.66e-10
CHL,T_RS,2010,0.738869679,5440.0,7362597.435,0.738869679,6.26e-10
CHL,T_RS,2011,0.786268111,6078.4,7730696.33,0.786268111,1.71e-11
CHL,T_RS,2012,0.863358975,6798.01,7873909.0,0.863358975,5.12e-10
CHL,T_RS,2013,0.732981267,5892.898875,8039630.944,0.732981267,9.26e-11
CHL,T_RS,2014,0.930347462,7585.240349,8153126.289,0.930347462,1.76e-10
CHL,T_RS,2015,0.985804107,8175.327067,8293054.376,0.985804107,4.36e-10
CHL,T_RS,2016,1.070976994,8985.4224,8389930.36,1.070976994,3.54e-10
CHL,T_RS,2017,1.058975689,9098.9247,8592194.128999999,1.058975689,2.44e-10
CHL,T_RS,2018,1.116173159,9804.022221,8783603.283,1.116173159,2.84e-10
CHL,T_RS,2019,1.077484256,9671.401621,8975909.919,1.077484256,3.38e-13
CHL,T_RS,2020,1.262404515,9961.869163,7891186.260000001,1.262404515,3.31e-11
CHL,T_RS,2021,1.496376378,12399.74,8286511.459,1.496376378,2.64e-10
CHL,T_RS,2022,1.561877194,13789.59,8828856.745,1.561877194,6.46e-11
CHL,T_TT,2007,1.679869018,11023.94295,6562382.444,1.679869018,1.76e-10
CHL,T_TT,2008,1.861772816,12571.18476,6752265.717,1.861772816,1.34e-10
CHL,T_TT,2009,1.554866835,10430.0,6707969.946,1.554866835,7.55e-11
CHL,T_TT,2010,1.560726374,11491.0,7362597.435,1.560726374,1.78e-10
CHL,T_TT,2011,1.688340797,13052.05,7730696.33,1.688340797,2.42e-10
CHL,T_TT,2012,1.858200292,14631.3,7873909.0,1.858200292,2.04e-10
CHL,T_TT,2013,1.645390427,13228.33179,8039630.944,1.645390427,1.41e-10
CHL,T_TT,2014,1.948517227,15886.50703,8153126.289,1.948517227,1.24e-10
CHL,T_TT,2015,1.840268962,15261.45057,8293054.376,1.840268962,1.09e-10
CHL,T_TT,2016,1.981609205,16625.56323,8389930.36,1.981609205,4.12e-11
CHL,T_TT,2017,1.932919595,16608.0204,8592194.128999999,1.932919595,2.42e-10
CHL,T_TT,2018,1.918121518,16848.01846,8783603.283,1.918121518,1.60e-10
CHL,T_TT,2019,1.829615109,16422.46041,8975909.919,1.82961511,3.15e-10
CHL,T_TT,2020,2.07163561,16347.66246,7891186.260000001,2.07163561,8.31e-11
CHL,T_TT,2021,2.433417259,20164.54,8286511.459,2.433417259,6.11e-11
CHL,T_TT,2022,2.480731156,21902.02,8828856.745,2.480731156,3.73e-11
CHN,T_RS,1991,0.719793559,471400.0,654910000.0,0.719793559,5.84e-10
CHN,T_RS,1992,0.713357117,471900.0,661520000.0,0.713357117,8.02e-11
CHN,T_RS,1993,0.732247635,489200.0,668080000.0,0.732247635,1.88e-11
CHN,T_RS,1994,0.818323327,552000.0,674550000.0,0.818323327,4.13e-10
CHN,T_RS,1995,0.766913979,522000.0,680650000.0,0.766913979,3.71e-10
CHN,T_RS,1996,0.794778825,548000.0,689500000.0,0.794778825,2.97e-10
CHN,T_RS,1997,0.843168147,588700.0,698200000.0,0.843168147,4.00e-10
CHN,T_RS,1998,0.687316845,485500.0,706370000.0,0.687316845,4.06e-10
CHN,T_RS,1999,0.743900048,531100.0,713940000.0,0.743900048,5.07e-10
CHN,T_RS,2000,0.964225567,695062.0,720850000.0,0.964225567,4.04e-11
CHN,T_RS,2001,1.020270066,742726.0,727970000.0,1.020270066,7.27e-11
CHN,T_RS,2002,1.106065775,810525.0,732800000.0,1.106065775,9.87e-11
CHN,T_RS,2003,1.169181946,862108.0,737360000.0,1.169181946,3.45e-10
CHN,T_RS,2004,1.247242271,926252.0,742640000.0,1.247242271,1.46e-10
CHN,T_RS,2005,1.498650984,1118698.0,746470000.0,1.498650984,2.37e-11
CHN,T_RS,2006,1.632153965,1223756.4,749780000.0,1.632153965,9.99e-11
CHN,T_RS,2007,1.88975319,1423381.0,753210000.0,1.88975319,1.69e-10
CHN,T_RS,2008,2.107379175,1592420.0,755640000.0,2.107379175,1.27e-10
CHN,T_RS,2009,1.519637865,1152311.0,758280000.0,1.519637865,2.36e-10
CHN,T_RS,2010,1.591013468,1210840.8,761050000.0,1.591013468,1.48e-10
CHN,T_RS,2011,1.72986246,1318086.0,761960000.0,1.72986246,1.64e-11
CHN,T_RS,2012,1.841237181,1404017.0,762540000.0,1.841237181,1.85e-13
CHN,T_RS,2013,1.944980669,1484039.7,763010000.0,1.944980669,1.71e-10
CHN,T_RS,2014,1.996464001,1524280.3,763490000.0,1.996464001,8.10e-11
CHN,T_RS,2015,2.121367531,1619027.7,763200000.0,2.121367531,2.10e-10
CHN,T_RS,2016,2.219392485,1692175.8,762450000.0,2.219392485,1.11e-10
CHN,T_RS,2017,2.288309185,1740442.2,760580000.0,2.288309185,4.18e-11
CHN,T_RS,2018,2.462469716,1866108.8,757820000.0,2.462469716,9.60e-11
CHN,T_RS,2019,2.795949209,2109459.8,754470000.0,2.795949209,1.35e-10
CHN,T_RS,2020,3.038918789,2281134.0,750640000.0,3.038918789,9.87e-11
CHN,T_RS,2021,3.222297326,2405509.4,746520000.0,3.222297326,8.08e-11
CHN,T_RS,2022,3.595306267,2637193.1,733510000.0,3.595306267,3.52e-11
CHN,T_RS,2023,4.053568158,3001302.4,740410000.0,4.053568158,4.51e-11
CHN,T_RS,2024,4.329860701,3179806.4,734390000.0,4.329860701,6.52e-11
CHN,T_TT,1991,1.023804798,670500.0,654910000.0,1.023804798,3.85e-10
CHN,T_TT,1992,1.019319144,674300.0,661520000.0,1.019319144,2.06e-10
CHN,T_TT,1993,1.04448569,697800.0,668080000.0,1.04448569,3.22e-10
CHN,T_TT,1994,1.161070343,783200.0,674550000.0,1.161070343,1.65e-10
CHN,T_TT,1995,1.104385514,751700.0,680650000.0,1.104385514,1.38e-10
CHN,T_TT,1996,1.166062364,804000.0,689500000.0,1.166062364,2.74e-11
CHN,T_TT,1997,1.190489831,831200.0,698200000.0,1.190489831,5.05e-12
CHN,T_TT,1998,1.069128077,755200.0,706370000.0,1.069128077,3.30e-10
CHN,T_TT,1999,1.150937054,821700.0,713940000.0,1.150937054,4.05e-10
CHN,T_TT,2000,1.279227301,922131.0,720850000.0,1.279227301,8.04e-11
CHN,T_TT,2001,1.313903045,956482.0,727970000.0,1.313903045,3.46e-10
CHN,T_TT,2002,1.412659662,1035197.0,732800000.0,1.412659662,3.03e-10
CHN,T_TT,2003,1.48479847,1094831.0,737360000.0,1.48479847,1.47e-10
CHN,T_TT,2004,1.552053485,1152617.0,742640000.0,1.552053485,8.71e-11
CHN,T_TT,2005,1.828337375,1364799.0,746470000.0,1.828337375,2.32e-10
CHN,T_TT,2006,2.003884339,1502472.4,749780000.0,2.003884339,2.03e-10
CHN,T_TT,2007,2.3050079,1736155.0,753210000.0,2.3050079,2.07e-10
CHN,T_TT,2008,2.600917103,1965357.0,755640000.0,2.600917103,1.47e-10
CHN,T_TT,2009,3.02164372,2291252.0,758280000.0,3.02164372,6.98e-13
CHN,T_TT,2010,3.355664937,2553828.8,761050000.0,3.355664937,1.19e-10
CHN,T_TT,2011,3.783535881,2882903.0,761960000.0,3.783535881,3.93e-11
CHN,T_TT,2012,4.257927453,3246840.0,762540000.0,4.257927453,3.27e-12
CHN,T_TT,2013,4.630105503,3532816.8,763010000.0,4.630105503,4.41e-11
CHN,T_TT,2014,4.860024362,3710580.0,763490000.0,4.860024362,3.86e-11
CHN,T_TT,2015,4.92511478,3758847.6,763200000.0,4.92511478,2.55e-11
CHN,T_TT,2016,5.08630966,3878056.8,762450000.0,5.08630966,6.88e-11
CHN,T_TT,2017,5.303317468,4033597.2,760580000.0,5.303317468,4.67e-11
CHN,T_TT,2018,5.781641683,4381443.7,757820000.0,5.781641683,4.82e-11
CHN,T_TT,2019,6.363100322,4800768.3,754470000.0,6.363100322,1.26e-11
CHN,T_TT,2020,6.973392971,5234507.7,750640000.0,6.973392971,4.75e-11
CHN,T_TT,2021,7.65730322,5716330.0,746520000.0,7.65730322,3.60e-11
CHN,T_TT,2022,8.661871685,6353569.5,733510000.0,8.661871685,5.28e-11
CHN,T_TT,2023,9.779152632,7240582.4,740410000.0,9.779152632,3.58e-11
CHN,T_TT,2024,10.30626466,7568817.7,734390000.0,10.306264655,4.83e-10
CRI,T_RS,2014,1.566820688,3160.0,2016823.0,1.566820688,1.37e-10
CRI,T_RS,2015,1.448676219,2905.0,2005279.0,1.448676219,8.26e-11
CRI,T_RS,2016,1.5827852,3089.0,1951623.0,1.5827852,1.23e-10
CRI,T_RS,2017,1.114596539,2241.0,2010593.0,1.114596539,3.85e-10
CRI,T_RS,2018,0.995069838,2070.0,2080255.9999999998,0.995069838,4.44e-10
CRI,T_RS,2020,0.982867985,1867.0,1899543.0,0.982867985,4.45e-10
CRI,T_RS,2021,1.022857094,2053.0,2007123.0,1.022857094,4.48e-10
CRI,T_RS,2022,1.104455595,2345.0,2123218.0,1.104455595,2.11e-10
CRI,T_RS,2023,1.248150821,2586.0,2071864.9999999998,1.248150821,2.90e-10
CRI,T_RS,2024,0.969526421,2110.0,2176320.267,0.969526421,2.78e-10
CZE,T_RS,1995,2.337851233,11936.0,5105543.0,2.337851233,1.94e-10
CZE,T_RS,1996,2.525920252,12963.0,5131991.0,2.525920252,1.41e-12
CZE,T_RS,1997,2.468610092,12580.0,5095985.0,2.468610092,2.54e-11
CZE,T_RS,1998,2.509392749,12566.0,5007586.0,2.509392749,1.28e-10
CZE,T_RS,1999,2.762412898,13535.0,4899702.0,2.762412898,8.54e-11
CZE,T_RS,2000,2.850592292,13852.0,4859341.0,2.850592292,8.67e-11
CZE,T_RS,2001,3.092404862,14987.0,4846390.0,3.092404862,5.68e-11
CZE,T_RS,2002,3.070472407,14974.0,4876774.0,3.070472407,1.45e-10
CZE,T_RS,2003,3.267633418,15809.0,4838058.0,3.267633418,6.18e-11
CZE,T_RS,2004,3.375450829,16299.66725,4828886.0,3.375450829,1.13e-10
CZE,T_RS,2005,4.909777984,24169.0695,4922640.0,4.909777985,2.00e-10
CZE,T_RS,2006,5.26506861,26267.3062,4988977.0,5.26506861,4.90e-11
CZE,T_RS,2007,5.473599485,27877.8249,5093143.0,5.473599485,6.57e-11
CZE,T_RS,2008,5.72343675,29785.217,5204079.0,5.72343675,5.03e-11
CZE,T_RS,2009,5.627934757,28759.3094,5110100.0,5.627934757,6.07e-11
CZE,T_RS,2010,5.779411865,29227.87864,5057241.0,5.779411865,1.49e-11
CZE,T_RS,2011,6.097417567,30681.58936,5031899.0,6.097417567,6.62e-11
CZE,T_RS,2012,6.566913212,33217.16756,5058262.0,6.566913212,7.35e-11
CZE,T_RS,2013,6.750367636,34271.10346,5076924.0,6.750367636,9.24e-13
CZE,T_RS,2014,7.061120403,36039.73964,5103969.0,7.061120403,6.05e-11
CZE,T_RS,2015,7.358513434,38080.99872,5175094.0,7.358513434,3.18e-11
CZE,T_RS,2016,7.141147365,37337.72466,5228533.0,7.141147366,1.13e-10
CZE,T_RS,2017,7.395198906,39180.64384,5298119.0,7.395198907,1.87e-10
CZE,T_RS,2018,7.687465149,41198.13279,5359131.0,7.687465149,3.46e-11
CZE,T_RS,2019,7.941960987,42500.34,5351366.0,7.941960987,1.98e-11
CZE,T_RS,2020,8.456854943,44205.95969,5227234.0,8.456854943,2.53e-11
CZE,T_RS,2021,9.107371701,48080.00098,5279240.0,9.107371701,2.52e-11
CZE,T_RS,2022,9.263370419,49402.31404,5333082.0,9.263370419,1.82e-11
CZE,T_RS,2023,9.00160605,48775.08536,5418487.0,9.00160605,2.15e-11
CZE,T_RS,2024,8.9102799,48568.57246,5450847.0,8.9102799,4.27e-11
CZE,T_TT,1995,4.441838997,22678.0,5105543.0,4.441838997,7.67e-11
CZE,T_TT,1996,4.579314344,23501.0,5131991.0,4.579314344,1.79e-11
CZE,T_TT,1997,4.558490655,23230.0,5095985.0,4.558490655,2.24e-11
CZE,T_TT,1998,4.541110228,22740.0,5007586.0,4.541110228,9.63e-11
CZE,T_TT,1999,4.919891046,24106.0,4899702.0,4.919891046,8.84e-11
CZE,T_TT,2000,4.979687575,24198.0,4859341.0,4.979687575,1.60e-11
CZE,T_TT,2001,5.386896226,26107.0,4846390.0,5.386896226,2.77e-11
CZE,T_TT,2002,5.337954968,26032.0,4876774.0,5.337954968,4.28e-11
CZE,T_TT,2003,5.778558256,27957.0,4838058.0,5.778558256,3.91e-11
CZE,T_TT,2004,5.956893722,28765.1607,4828886.0,5.956893722,8.16e-11
CZE,T_TT,2005,8.810400739,43370.4311,4922640.0,8.81040074,1.42e-10
CZE,T_TT,2006,9.566915161,47729.1197,4988977.0,9.566915161,1.72e-11
CZE,T_TT,2007,9.658390546,49191.5642,5093143.0,9.658390546,1.27e-11
CZE,T_TT,2008,9.763087205,50807.8771,5204079.0,9.763087205,2.54e-11
CZE,T_TT,2009,9.972570869,50960.8344,5110100.0,9.972570869,4.56e-11
CZE,T_TT,2010,10.33965574,52290.13092,5057241.0,10.339655737,2.72e-10
CZE,T_TT,2011,11.06877191,55696.94228,5031899.0,11.068771905,4.52e-10
CZE,T_TT,2012,11.92691161,60329.44379,5058262.0,11.926911613,2.62e-10
CZE,T_TT,2013,12.20736334,61975.85594,5076924.0,12.207363344,3.62e-10
CZE,T_TT,2014,12.62614484,64443.45185,5103969.0,12.626144839,4.45e-11
CZE,T_TT,2015,12.83713879,66433.39995,5175094.0,12.837138794,3.12e-10
CZE,T_TT,2016,12.58153952,65782.99459,5228533.0,12.581539524,2.87e-10
CZE,T_TT,2017,13.16234172,69735.65277,5298119.0,13.162341724,2.69e-10
CZE,T_TT,2018,13.98911296,74969.4889,5359131.0,13.989112955,3.53e-10
CZE,T_TT,2019,14.80836941,79245.0046,5351366.0,14.808369414,3.01e-10
CZE,T_TT,2020,15.48774687,80958.07703,5227234.0,15.487746871,9.56e-11
CZE,T_TT,2021,16.03839086,84670.51455,5279240.0,16.038390857,1.62e-10
CZE,T_TT,2022,16.14912422,86124.60367,5333082.0,16.149124216,2.72e-10
CZE,T_TT,2023,15.77348435,85468.41987,5418487.0,15.773484345,2.95e-10
CZE,T_TT,2024,15.58356311,84943.61823,5450847.0,15.58356311,3.00e-11
DEU,T_RS,1981,4.669799293,128200.0,27453000.0,4.669799293,7.23e-11
DEU,T_RS,1983,4.983699478,134525.0,26993000.0,4.983699478,7.18e-11
DEU,T_RS,1985,5.339720371,147419.0,27608000.0,5.339720371,1.74e-11
DEU,T_RS,1987,5.804773755,165616.0,28531000.0,5.804773755,2.36e-11
DEU,T_RS,1989,5.983785617,176402.0,29480000.0,5.983785617,6.15e-11
DEU,T_RS,1991,6.222030715,241869.0,38873000.0,6.222030715,6.53e-11
DEU,T_RS,1993,6.077036841,230107.0,37865000.0,6.077036841,6.75e-11
DEU,T_RS,1995,6.074961888,231128.0,38046000.0,6.074961888,3.96e-11
DEU,T_RS,1996,6.047737901,230189.0,38062000.0,6.047737901,5.27e-11
DEU,T_RS,1997,6.197739519,235793.0,38045000.0,6.197739519,1.51e-12
DEU,T_RS,1998,6.174337662,237712.0,38500000.0,6.174337662,5.47e-11
DEU,T_RS,1999,6.509674121,254691.0,39125000.0,6.509674121,6.23e-11
DEU,T_RS,2000,6.450720432,257874.0,39976000.0,6.450720432,4.02e-11
DEU,T_RS,2001,6.632008027,264385.0,39865000.0,6.632008027,1.38e-11
DEU,T_RS,2002,6.699904219,265812.0,39674000.0,6.699904219,5.79e-11
DEU,T_RS,2003,6.852723844,268942.0,39246000.0,6.852723844,6.83e-11
DEU,T_RS,2004,6.863474727,270215.0,39370000.0,6.863474727,7.36e-12
DEU,T_RS,2005,6.921011139,272148.0,39322000.0,6.921011139,2.85e-11
DEU,T_RS,2006,7.064784892,279822.0,39608000.0,7.064784892,8.35e-12
DEU,T_RS,2007,7.220600283,290853.0,40281000.0,7.220600283,1.64e-12
DEU,T_RS,2008,7.408411055,302641.0,40851000.0,7.408411055,2.58e-11
DEU,T_RS,2009,7.757548346,317307.0,40903000.0,7.757548346,1.12e-11
DEU,T_RS,2010,7.980632132,327996.0,41099000.0,7.980632132,2.11e-11
DEU,T_RS,2011,8.147438056,338689.0,41570000.0,8.147438056,3.57e-11
DEU,T_RS,2012,8.377962677,352419.0,42065000.0,8.377962677,2.27e-11
DEU,T_RS,2013,8.364316391,354463.0,42378000.0,8.364316391,5.02e-11
DEU,T_RS,2014,8.230961736,351923.0,42756000.0,8.230961736,4.43e-11
DEU,T_RS,2015,8.994181329,387982.0,43137000.0,8.994181329,2.82e-11
DEU,T_RS,2016,9.147209632,399605.0,43686000.0,9.147209632,4.12e-11
DEU,T_RS,2017,9.474305712,419617.0,44290000.0,9.474305712,3.70e-11
DEU,T_RS,2018,9.663644458,433685.036,44878000.0,9.663644458,3.20e-11
DEU,T_RS,2019,9.951144157,450697.27,45291000.0,9.951144157,3.26e-11
DEU,T_RS,2020,10.02526353,450796.0,44966000.0,10.025263532,2.44e-10
DEU,T_RS,2021,10.2494394,461645.0,45041000.0,10.2494394,3.34e-11
DEU,T_RS,2022,10.65136207,486011.0,45629000.0,10.651362072,2.22e-10
DEU,T_RS,2023,10.88855992,500166.0,45935000.0,10.888559922,1.50e-10
DEU,T_RS,2024,11.15750103,513100.0,45987000.0,11.157501033,2.60e-10
DEU,T_TT,1981,12.82479146,352079.0,27453000.0,12.824791462,1.38e-10
DEU,T_TT,1983,13.40673508,361888.0,26993000.0,13.406735079,3.99e-11
DEU,T_TT,1985,14.16031585,390938.0,27608000.0,14.16031585,3.38e-11
DEU,T_TT,1987,14.69296555,419205.0,28531000.0,14.692965546,2.55e-10
DEU,T_TT,1988,14.60068425,422500.0,28937000.0,14.600684245,3.37e-10
DEU,T_TT,1989,14.46563772,426447.0,29480000.0,14.46563772,3.38e-11
DEU,T_TT,1990,14.176724,431100.0,30409000.0,14.176723996,2.69e-10
DEU,T_TT,1991,13.28250971,516331.0,38873000.0,13.282509711,8.36e-11
DEU,T_TT,1992,12.71297117,487695.0,38362000.0,12.712971169,4.83e-11
DEU,T_TT,1993,12.54871253,475157.0,37865000.0,12.548712531,1.08e-10
DEU,T_TT,1995,12.06797035,459138.0,38046000.0,12.067970352,1.39e-10
DEU,T_TT,1996,11.91947349,453679.0,38062000.0,11.919473491,5.21e-11
DEU,T_TT,1997,12.10174793,460411.0,38045000.0,12.10174793,6.84e-12
DEU,T_TT,1998,11.98802597,461539.0,38500000.0,11.988025974,3.36e-10
DEU,T_TT,1999,12.25812141,479599.0,39125000.0,12.258121406,3.47e-10
DEU,T_TT,2000,12.12562538,484734.0,39976000.0,12.125625375,3.94e-10
DEU,T_TT,2001,12.05583845,480606.0,39865000.0,12.055838455,3.97e-10
DEU,T_TT,2002,12.09870444,480004.0,39674000.0,12.098704441,9.88e-11
DEU,T_TT,2003,12.04028436,472533.0,39246000.0,12.04028436,1.57e-11
DEU,T_TT,2004,11.95654051,470729.0,39370000.0,11.956540513,2.58e-10
DEU,T_TT,2005,12.08682163,475278.0,39322000.0,12.086821627,2.84e-10
DEU,T_TT,2006,12.3191022,487935.0,39608000.0,12.319102202,1.28e-10
DEU,T_TT,2007,12.5729252,506450.0,40281000.0,12.5729252,3.71e-11
DEU,T_TT,2008,12.81498617,523505.0,40851000.0,12.814986169,5.86e-11
DEU,T_TT,2009,13.079114,534975.0,40903000.0,13.079114001,1.08e-10
DEU,T_TT,2010,13.35124942,548723.0,41099000.0,13.351249422,1.59e-10
DEU,T_TT,2011,13.83447197,575099.0,41570000.0,13.834471975,3.60e-10
DEU,T_TT,2012,14.05588969,591261.0,42065000.0,14.055889695,3.22e-10
DEU,T_TT,2013,13.88963613,588615.0,42378000.0,13.889636132,1.41e-10
DEU,T_TT,2014,14.15595472,605252.0,42756000.0,14.15595472,1.37e-11
DEU,T_TT,2015,14.8484132,640516.0,43137000.0,14.848413195,3.25e-10
DEU,T_TT,2016,15.0596072,657894.0,43686000.0,15.059607197,2.12e-10
DEU,T_TT,2017,15.49670354,686349.0,44290000.0,15.496703545,3.11e-10
DEU,T_TT,2018,15.76950114,707703.672,44878000.0,15.769501136,2.27e-10
DEU,T_TT,2019,16.24129319,735584.41,45291000.0,16.241293193,1.79e-10
DEU,T_TT,2020,16.31968598,733831.0,44966000.0,16.319685985,3.04e-10
DEU,T_TT,2021,16.73897116,753940.0,45041000.0,16.73897116,2.33e-11
DEU,T_TT,2022,17.21317583,785420.0,45629000.0,17.213175831,6.74e-11
DEU,T_TT,2023,17.94701208,824396.0,45935000.0,17.947012082,1.28e-10
DEU,T_TT,2024,18.25950812,839700.0,45987000.0,18.259508122,1.02e-10
DNK,T_RS,1981,2.740578127,6785.0,2475755.0,2.740578127,1.20e-10
DNK,T_RS,1982,2.917259602,7255.0,2486923.0,2.917259602,1.63e-10
DNK,T_RS,1983,3.084341222,7676.0,2488700.0,3.084341222,1.05e-10
DNK,T_RS,1984,3.217436183,8123.0,2524681.0,3.217436183,8.29e-12
DNK,T_RS,1985,3.316154515,8567.0,2583414.0,3.316154515,2.50e-11
DNK,T_RS,1986,3.464881705,9170.0,2646555.0,3.464881705,8.47e-11
DNK,T_RS,1987,3.665808749,9775.0,2666533.0,3.665808749,9.18e-11
DNK,T_RS,1988,3.907376081,10369.0,2653699.0,3.907376081,1.18e-10
DNK,T_RS,1989,4.144081887,10962.0,2645218.0,4.144081887,8.82e-11
DNK,T_RS,1990,4.367740601,11505.0,2634085.0,4.367740601,8.56e-11
DNK,T_RS,1991,4.619067791,12049.0,2608535.0,4.619067791,1.63e-11
DNK,T_RS,1992,4.970486649,12861.0,2587473.0,4.970486649,8.93e-11
DNK,T_RS,1993,5.371519631,13672.0,2545276.0,5.371519631,2.29e-11
DNK,T_RS,1995,6.107921155,15954.0,2612018.0,6.107921155,3.51e-11
DNK,T_RS,1996,6.330248763,16699.0,2637969.0,6.330248763,5.50e-11
DNK,T_RS,1997,6.547600129,17511.0,2674415.0,6.547600129,5.71e-11
DNK,T_RS,1999,6.927458955,18945.0,2734769.0,6.927458955,5.77e-11
DNK,T_RS,2001,6.991262808,19453.0,2782473.0,6.991262808,4.30e-11
DNK,T_RS,2002,9.175669851,25546.9,2784200.0,9.175669851,3.31e-11
DNK,T_RS,2003,9.01961549,24881.98933,2758653.0,9.01961549,1.35e-11
DNK,T_RS,2004,9.535526552,26166.9438,2744153.0,9.535526554,2.20e-10
DNK,T_RS,2005,10.12481516,28179.01094,2783163.0,10.124815162,1.72e-10
DNK,T_RS,2006,10.13595104,28846.2781,2845937.0,10.135951042,1.76e-10
DNK,T_RS,2007,10.36050213,30174.03,2912410.0,10.360502127,2.79e-10
DNK,T_RS,2008,12.10690899,35701.6765,2948868.0,12.10690899,1.34e-11
DNK,T_RS,2009,12.87982333,36789.0,2856328.0,12.879823326,3.41e-10
DNK,T_RS,2010,13.41826227,37435.1,2789862.0,13.418262265,3.50e-10
DNK,T_RS,2011,14.06036256,39181.0,2786628.0,14.06036256,3.89e-12
DNK,T_RS,2012,14.48430409,40080.3,2767154.0,14.48430409,3.50e-12
DNK,T_RS,2013,14.40189376,39868.1,2768254.0,14.401893757,2.18e-10
DNK,T_RS,2014,14.86217788,41409.0,2786200.0,14.862177877,2.24e-10
DNK,T_RS,2015,15.14811736,42826.0,2827150.0,15.148117362,1.33e-10
DNK,T_RS,2016,15.59647331,44815.0,2873406.0,15.596473314,2.72e-10
DNK,T_RS,2017,15.07419496,43966.0,2916640.0,15.074194964,2.70e-10
DNK,T_RS,2018,14.83014581,43924.0,2961805.0,14.830145806,2.46e-10
DNK,T_RS,2019,14.86958531,44671.0,3004186.0,14.869585305,3.16e-10
DNK,T_RS,2020,14.9967383,44553.0,2970846.0,14.996738303,1.88e-10
DNK,T_RS,2021,14.81708957,45017.0,3038181.0,14.817089568,1.53e-10
DNK,T_RS,2022,16.79164204,53081.0,3161156.0,16.791642045,2.90e-10
DNK,T_RS,2023,16.40425349,52427.42,3195965.0,16.404253488,9.86e-11
DNK,T_RS,2024,16.5247078,53166.0,3217364.0,16.524707804,2.59e-10
DNK,T_TT,1981,6.654939604,16476.0,2475755.0,6.654939604,4.24e-11
DNK,T_TT,1982,6.930250756,17235.0,2486923.0,6.930250756,5.01e-11
DNK,T_TT,1983,7.289749669,18142.0,2488700.0,7.289749669,6.84e-11
DNK,T_TT,1984,7.537189847,19029.0,2524681.0,7.537189847,5.98e-12
DNK,T_TT,1985,7.70840446,19914.0,2583414.0,7.70840446,1.88e-11
DNK,T_TT,1986,7.909905519,20934.0,2646555.0,7.909905519,4.00e-11
DNK,T_TT,1987,8.232787668,21953.0,2666533.0,8.232787668,5.85e-11
DNK,T_TT,1988,8.722164797,23146.0,2653699.0,8.722164797,1.58e-11
DNK,T_TT,1989,9.201132005,24339.0,2645218.0,9.201132005,8.59e-14
DNK,T_TT,1990,9.508804765,25047.0,2634085.0,9.508804765,2.34e-11
DNK,T_TT,1991,9.873741391,25756.0,2608535.0,9.873741391,2.44e-11
DNK,T_TT,1992,10.26986562,26573.0,2587473.0,10.269865618,2.02e-10
DNK,T_TT,1993,10.76032619,27388.0,2545276.0,10.760326189,1.31e-10
DNK,T_TT,1995,11.56653591,30212.0,2612018.0,11.566535912,1.80e-10
DNK,T_TT,1996,12.18664814,32148.0,2637969.0,12.186648137,2.25e-10
DNK,T_TT,1997,12.78298245,34187.0,2674415.0,12.782982447,2.64e-10
DNK,T_TT,1998,12.9765501,35194.0,2712123.0,12.976550105,3.73e-10
DNK,T_TT,1999,13.32909653,36452.0,2734769.0,13.329096534,3.22e-10
DNK,T_TT,2000,13.68092978,37693.0,2755149.0,13.680929779,6.47e-11
DNK,T_TT,2001,14.33688665,39892.0,2782473.0,14.336886647,1.93e-10
DNK,T_TT,2002,15.23094605,42406.0,2784200.0,15.230946053,1.79e-10
DNK,T_TT,2003,15.08246385,41607.28414,2758653.0,15.082463847,1.73e-10
DNK,T_TT,2004,15.55576196,42687.39084,2744153.0,15.555761956,2.30e-10
DNK,T_TT,2005,15.62918405,43498.56677,2783163.0,15.629184051,4.25e-11
DNK,T_TT,2006,15.76903832,44877.6896,2845937.0,15.769038317,2.07e-10
DNK,T_TT,2007,16.10250617,46897.1,2912410.0,16.102506172,1.16e-10
DNK,T_TT,2008,19.86822181,58588.7635,2948868.0,19.868221806,2.12e-10
DNK,T_TT,2009,19.57688333,55918.0,2856328.0,19.576883327,1.47e-10
DNK,T_TT,2010,20.2960935,56623.3,2789862.0,20.296093499,7.24e-11
DNK,T_TT,2011,20.66476042,57585.0,2786628.0,20.66476042,5.84e-12
DNK,T_TT,2012,20.86407189,57734.1,2767154.0,20.864071895,2.30e-10
DNK,T_TT,2013,20.85935756,57744.0,2768254.0,20.859357559,5.02e-11
DNK,T_TT,2014,20.94645036,58361.0,2786200.0,20.946450363,1.19e-10
DNK,T_TT,2015,21.30873848,60243.0,2827150.0,21.308738482,1.04e-10
DNK,T_TT,2016,21.87612889,62859.0,2873406.0,21.876128887,1.48e-10
DNK,T_TT,2017,20.65390312,60240.0,2916640.0,20.653903121,6.78e-11
DNK,T_TT,2018,20.18296275,59778.0,2961805.0,20.182962754,2.05e-10
DNK,T_TT,2019,20.71409693,62229.0,3004186.0,20.71409693,4.03e-12
DNK,T_TT,2020,20.88596986,62049.0,2970846.0,20.885969855,2.37e-10
DNK,T_TT,2021,20.46257284,62169.0,3038181.0,20.462572836,2.19e-10
DNK,T_TT,2022,22.36333797,70694.0,3161156.0,22.363337969,5.51e-11
DNK,T_TT,2023,22.11807201,70688.584,3195965.0,22.118072006,1.62e-10
DNK,T_TT,2024,22.2654322,71636.0,3217364.0,22.265432199,6.59e-11
ESP,T_RS,1981,1.56022462,19268.0,12349503.88,1.56022462,8.50e-11
ESP,T_RS,1982,1.534030782,18782.0,12243561.35,1.534030783,4.15e-10
ESP,T_RS,1983,1.594160911,19450.0,12200775.89,1.59416091,3.96e-10
ESP,T_RS,1984,1.719136352,20506.0,11928082.36,1.719136352,2.57e-10
ESP,T_RS,1985,1.817338603,21455.0,11805725.12,1.817338603,1.41e-10
ESP,T_RS,1986,2.030326553,24525.0,12079337.66,2.030326554,2.55e-10
ESP,T_RS,1987,2.090595513,26463.0,12658115.75,2.090595514,3.78e-10
ESP,T_RS,1988,2.379104508,31170.0,13101568.209999999,2.379104509,3.12e-10
ESP,T_RS,1989,2.424405068,32914.0,13576114.17,2.424405068,7.61e-11
ESP,T_RS,1990,2.673560936,37676.0,14092067.059999999,2.673560936,2.37e-11
ESP,T_RS,1991,2.849842073,40642.0,14261141.13,2.849842073,3.11e-11
ESP,T_RS,1992,2.963943448,41681.0,14062683.96,2.963943449,3.71e-10
ESP,T_RS,1993,3.17388366,43367.0,13663701.84,3.17388366,1.17e-10
ESP,T_RS,1994,3.519887785,47867.0,13599013.07,3.519887786,1.43e-10
ESP,T_RS,1995,3.416197026,47342.0,13858100.0,3.416197026,1.27e-10
ESP,T_RS,1996,3.672750811,51633.0,14058400.0,3.672750811,2.64e-11
ESP,T_RS,1997,3.694665387,53883.0,14584000.0,3.694665387,7.44e-11
ESP,T_RS,1998,3.959153107,60269.0,15222700.0,3.959153107,3.20e-11
ESP,T_RS,1999,3.868405841,61568.0,15915600.0,3.868405841,4.90e-11
ESP,T_RS,2000,4.583233204,76669.7,16728300.0,4.583233204,8.44e-11
ESP,T_RS,2001,4.63268541,80080.6,17286000.0,4.63268541,3.42e-11
ESP,T_RS,2002,4.698645974,83317.8,17732300.0,4.698645974,5.71e-11
ESP,T_RS,2003,5.052020312,92522.7,18314000.0,5.052020312,6.52e-11
ESP,T_RS,2004,5.315634622,100994.4,18999500.0,5.315634622,6.82e-12
ESP,T_RS,2005,5.539107344,109720.3,19808300.0,5.539107344,1.96e-11
ESP,T_RS,2006,5.613896282,115798.4,20627100.0,5.613896282,1.35e-11
ESP,T_RS,2007,5.757892068,122624.1,21296700.0,5.757892068,3.73e-11
ESP,T_RS,2008,6.146071264,130986.3,21312200.0,6.146071264,5.63e-11
ESP,T_RS,2009,6.700958543,133803.4,19967800.0,6.700958543,3.80e-11
ESP,T_RS,2010,6.868018648,134653.0,19605800.0,6.868018648,6.65e-11
ESP,T_RS,2011,6.80781696,130234.9,19130200.0,6.80781696,6.29e-11
ESP,T_RS,2012,6.924138234,126777.509,18309500.0,6.924138234,3.61e-11
ESP,T_RS,2013,6.881408116,123224.687,17906900.0,6.881408116,6.17e-11
ESP,T_RS,2014,6.75609841,122235.3861,18092600.0,6.75609841,5.92e-11
ESP,T_RS,2015,6.577400778,122437.0,18614800.0,6.577400778,1.89e-11
ESP,T_RS,2016,6.660463111,126633.387,19012700.0,6.660463111,7.49e-11
ESP,T_RS,2017,6.827139189,133213.188,19512300.0,6.827139189,1.86e-11
ESP,T_RS,2018,7.027650163,140120.1,19938400.0,7.027650163,7.11e-11
ESP,T_RS,2019,7.034406438,143973.9,20467100.0,7.034406438,4.99e-11
ESP,T_RS,2020,7.429421986,145371.5,19567000.0,7.429421986,4.27e-13
ESP,T_RS,2021,7.678415743,154125.0,20072500.0,7.678415743,8.87e-12
ESP,T_RS,2022,7.766147966,161751.0,20827700.0,7.766147966,5.28e-11
ESP,T_RS,2023,8.138931511,175044.0,21507000.0,8.138931511,4.04e-11
ESP,T_RS,2024,8.380466698,184382.0,22001400.0,8.380466698,5.09e-11
ESP,T_TT,1981,2.932992316,36221.0,12349503.88,2.932992317,3.74e-10
ESP,T_TT,1982,2.901933431,35530.0,12243561.35,2.901933431,1.11e-10
ESP,T_TT,1983,2.964483598,36169.0,12200775.89,2.964483597,2.43e-10
ESP,T_TT,1984,3.293655996,39287.0,11928082.36,3.293655997,3.62e-10
ESP,T_TT,1985,3.44358348,40654.0,11805725.12,3.443583481,1.81e-10
ESP,T_TT,1986,3.746976967,45261.0,12079337.66,3.746976968,2.51e-10
ESP,T_TT,1987,3.83042792,48486.0,12658115.75,3.830427921,3.43e-10
ESP,T_TT,1988,4.183239678,54807.0,13101568.209999999,4.18323968,3.63e-10
ESP,T_TT,1989,4.651920219,63155.0,13576114.17,4.651920219,4.55e-11
ESP,T_TT,1990,4.944909764,69684.0,14092067.059999999,4.944909764,9.07e-13
ESP,T_TT,1991,5.077153318,72406.0,14261141.13,5.077153318,9.18e-11
ESP,T_TT,1992,5.213798461,73320.0,14062683.96,5.213798462,1.61e-10
ESP,T_TT,1993,5.542714625,75734.0,13663701.84,5.542714624,2.67e-10
ESP,T_TT,1994,5.912120208,80399.0,13599013.07,5.912120209,2.49e-10
ESP,T_TT,1995,5.771931217,79988.0,13858100.0,5.771931217,2.12e-11
ESP,T_TT,1996,6.207178626,87263.0,14058400.0,6.207178626,4.86e-11
ESP,T_TT,1997,5.975726824,87150.0,14584000.0,5.975726824,1.40e-11
ESP,T_TT,1998,6.378500529,97098.0,15222700.0,6.378500529,2.89e-11
ESP,T_TT,1999,6.423697504,102237.0,15915600.0,6.423697504,5.22e-11
ESP,T_TT,2000,7.210409904,120617.9,16728300.0,7.210409904,2.42e-11
ESP,T_TT,2001,7.274667361,125749.9,17286000.0,7.274667361,1.79e-11
ESP,T_TT,2002,7.571397957,134258.3,17732300.0,7.571397957,5.28e-11
ESP,T_TT,2003,8.271671945,151487.4,18314000.0,8.271671945,4.82e-12
ESP,T_TT,2004,8.52299271,161932.6,18999500.0,8.52299271,3.92e-11
ESP,T_TT,2005,8.823215521,174772.9,19808300.0,8.823215521,2.65e-11
ESP,T_TT,2006,9.161617484,188977.6,20627100.0,9.161617484,2.23e-11
ESP,T_TT,2007,9.443162556,201108.2,21296700.0,9.443162556,3.17e-11
ESP,T_TT,2008,10.11985623,215676.4,21312200.0,10.119856233,2.55e-10
ESP,T_TT,2009,11.05666623,220777.3,19967800.0,11.056666233,2.38e-10
ESP,T_TT,2010,11.32428669,222021.7,19605800.0,11.324286691,5.94e-11
ESP,T_TT,2011,11.24289344,215078.8,19130200.0,11.242893436,3.99e-10
ESP,T_TT,2012,11.40562986,208831.38,18309500.0,11.405629864,3.75e-10
ESP,T_TT,2013,11.35327874,203302.027,17906900.0,11.353278736,3.41e-10
ESP,T_TT,2014,11.06710144,200232.6396,18092600.0,11.067101445,4.33e-10
ESP,T_TT,2015,10.79066119,200866.0,18614800.0,10.790661194,4.00e-10
ESP,T_TT,2016,10.82817727,205872.886,19012700.0,10.828177271,9.07e-11
ESP,T_TT,2017,11.05684481,215744.473,19512300.0,11.056844811,6.41e-11
ESP,T_TT,2018,11.31968463,225696.4,19938400.0,11.319684629,1.19e-10
ESP,T_TT,2019,11.30659937,231413.3,20467100.0,11.306599372,1.48e-10
ESP,T_TT,2020,11.84489702,231769.1,19567000.0,11.84489702,4.17e-11
ESP,T_TT,2021,12.42864616,249474.0,20072500.0,12.428646158,1.87e-10
ESP,T_TT,2022,12.64695574,263407.0,20827700.0,12.646955737,2.51e-10
ESP,T_TT,2023,13.13130609,282415.0,21507000.0,13.131306086,2.75e-10
ESP,T_TT,2024,13.42141864,295290.0,22001400.0,13.421418637,2.24e-10
EST,T_RS,1998,4.902864669,2978.0,607400.0,4.902864669,1.66e-11
EST,T_RS,1999,5.173186283,3002.0,580300.0,5.173186283,8.29e-12
EST,T_RS,2000,4.554929096,2666.0,585300.0,4.554929096,4.17e-11
EST,T_RS,2001,4.469928644,2631.0,588600.0,4.469928644,5.38e-11
EST,T_RS,2002,5.197960918,3059.0,588500.0,5.197960918,7.94e-11
EST,T_RS,2003,5.019131592,3017.0,601100.0,5.019131592,1.62e-11
EST,T_RS,2004,5.62719225,3369.0,598700.0,5.62719225,2.23e-11
EST,T_RS,2005,5.44014372,3331.0,612300.0,5.44014372,7.33e-11
EST,T_RS,2006,5.470258486,3513.0,642200.0,5.470258486,8.28e-11
EST,T_RS,2007,5.735156979,3690.0,643400.0,5.735156979,7.82e-11
EST,T_RS,2008,6.196854073,3979.0,642100.0,6.196854073,6.87e-11
EST,T_RS,2009,7.481789802,4314.0,576600.0,7.481789802,3.87e-11
EST,T_RS,2010,7.438423645,4077.0,548100.0,7.438423645,4.30e-11
EST,T_RS,2011,7.724315068,4511.0,584000.0,7.724315068,6.38e-11
EST,T_RS,2012,7.720303286,4582.0,593500.0,7.720303286,5.26e-11
EST,T_RS,2013,7.333999001,4407.0,600900.0,7.333999001,6.79e-11
EST,T_RS,2014,7.141040462,4323.9,605500.0,7.141040462,5.99e-11
EST,T_RS,2015,6.721785198,4187.0,622900.0,6.721785198,3.96e-11
EST,T_RS,2016,6.944133184,4338.0,624700.0,6.944133184,1.03e-11
EST,T_RS,2017,7.286048324,4674.0,641500.0,7.286048324,3.29e-11
EST,T_RS,2018,7.673926601,4967.8,647360.8960000001,7.673926601,5.27e-11
EST,T_RS,2019,7.618923254,4995.3,655643.8269999999,7.618923254,2.57e-11
EST,T_RS,2020,7.991961847,5097.8,637865.9079999999,7.991961847,4.67e-11
EST,T_RS,2021,8.407032848,5370.0,638750.924,8.407032848,4.50e-11
EST,T_RS,2022,9.287763299,6205.0,668083.348,9.287763299,3.67e-11
EST,T_RS,2023,9.518269476,6563.0,689516.095,9.518269476,3.80e-11
EST,T_RS,2024,10.90796121,7536.0,690871.544,10.907961206,4.04e-10
EST,T_TT,1998,7.573263089,4600.0,607400.0,7.573263089,5.62e-11
EST,T_TT,1999,7.832155781,4545.0,580300.0,7.832155781,6.29e-11
EST,T_TT,2000,6.338629763,3710.0,585300.0,6.338629763,7.65e-11
EST,T_TT,2001,6.275908936,3694.0,588600.0,6.275908936,7.32e-11
EST,T_TT,2002,7.016142736,4129.0,588500.0,7.016142736,3.29e-11
EST,T_TT,2003,6.894027616,4144.0,601100.0,6.894027616,5.41e-12
EST,T_TT,2004,7.908802405,4735.0,598700.0,7.908802405,2.67e-11
EST,T_TT,2005,7.123958844,4362.0,612300.0,7.123958844,4.15e-11
EST,T_TT,2006,7.382435378,4741.0,642200.0,7.382435378,5.24e-11
EST,T_TT,2007,7.774323904,5002.0,643400.0,7.774323904,3.33e-11
EST,T_TT,2008,7.920884597,5086.0,642100.0,7.920884597,5.24e-11
EST,T_TT,2009,9.417273673,5430.0,576600.0,9.417273673,2.73e-11
EST,T_TT,2010,9.627805145,5277.0,548100.0,9.627805145,4.83e-12
EST,T_TT,2011,9.801369863,5724.0,584000.0,9.801369863,1.40e-12
EST,T_TT,2012,9.865206403,5855.0,593500.0,9.865206403,3.08e-11
EST,T_TT,2013,9.748710268,5858.0,600900.0,9.748710268,7.03e-12
EST,T_TT,2014,9.562180017,5789.9,605500.0,9.562180017,5.07e-11
EST,T_TT,2015,9.048001284,5636.0,622900.0,9.048001284,3.48e-11
EST,T_TT,2016,9.239635025,5772.0,624700.0,9.239635025,2.04e-11
EST,T_TT,2017,9.427903352,6048.0,641500.0,9.427903352,5.09e-11
EST,T_TT,2018,9.551241106,6183.1,647360.8960000001,9.551241106,4.73e-11
EST,T_TT,2019,9.752703734,6394.3,655643.8269999999,9.752703734,3.80e-11
EST,T_TT,2020,10.11058895,6449.2,637865.9079999999,10.110588948,1.56e-10
EST,T_TT,2021,10.61916272,6783.0,638750.924,10.619162721,7.28e-11
EST,T_TT,2022,12.07184706,8065.0,668083.348,12.071847059,4.82e-11
EST,T_TT,2023,12.72196554,8772.0,689516.095,12.72196554,1.53e-11
EST,T_TT,2024,14.25011652,9845.0,690871.544,14.250116517,2.39e-10
EU27_2020,T_RS,1993,4.665561144,828509.8502,177579893.29999998,4.665561144,7.71e-11
EU27_2020,T_RS,1995,4.741323299,845208.0673,178264171.0,4.741323299,4.64e-11
EU27_2020,T_RS,1996,4.847534592,867659.3585,178989823.0,4.847534591,1.25e-10
EU27_2020,T_RS,1997,4.872400524,879286.5784,180462705.0,4.872400524,5.07e-12
EU27_2020,T_RS,1998,4.946761286,903907.646,182727161.0,4.946761286,7.14e-11
EU27_2020,T_RS,1999,5.09322835,940525.6266,184661979.0,5.09322835,1.05e-11
EU27_2020,T_RS,2000,5.231398199,980501.9587,187426367.0,5.231398199,7.03e-11
EU27_2020,T_RS,2001,5.354264793,1010646.136,188755352.0,5.354264795,2.93e-10
EU27_2020,T_RS,2002,5.501038463,1036614.665,188439814.0,5.501038464,2.17e-10
EU27_2020,T_RS,2003,5.60249437,1059173.836,189053976.0,5.602494369,1.57e-10
EU27_2020,T_RS,2004,5.812075469,1104005.863,189950366.0,5.812075471,4.02e-10
EU27_2020,T_RS,2005,5.998729245,1151065.705,191884924.0,5.998729244,2.38e-10
EU27_2020,T_RS,2006,6.132924864,1199132.161,195523700.0,6.132924863,1.93e-10
EU27_2020,T_RS,2007,6.183988334,1234025.799,199551767.0,6.183988333,1.27e-10
EU27_2020,T_RS,2008,6.447472856,1299161.383,201499318.0,6.447472854,2.37e-10
EU27_2020,T_RS,2009,6.674824351,1320653.192,197855872.0,6.674824349,3.13e-10
EU27_2020,T_RS,2010,7.000090516,1372142.469,196017818.0,7.000090517,1.83e-10
EU27_2020,T_RS,2011,7.135897389,1399234.069,196083827.0,7.135897388,8.18e-11
EU27_2020,T_RS,2012,7.380554157,1443451.426,195574938.7,7.380554153,5.73e-10
EU27_2020,T_RS,2013,7.583512937,1477670.066,194852976.3,7.583512934,3.95e-10
EU27_2020,T_RS,2014,7.68636253,1511222.46,196610874.60000002,7.686362532,3.20e-10
EU27_2020,T_RS,2015,7.941140745,1576037.0,198464811.3,7.941140748,3.41e-10
EU27_2020,T_RS,2016,8.046634423,1617766.612,201048851.8,8.046634425,2.48e-10
EU27_2020,T_RS,2017,8.376187488,1711056.103,204276242.1,8.376187487,1.02e-10
EU27_2020,T_RS,2018,8.623365223,1787040.751,207232409.3,8.623365221,2.44e-10
EU27_2020,T_RS,2019,8.839679295,1855390.605,209893429.8,8.839679292,3.02e-10
EU27_2020,T_RS,2020,9.124463632,1889050.535,207031406.0,9.124463633,1.44e-10
EU27_2020,T_RS,2021,9.354636967,1967902.316,210366508.4,9.354636967,4.95e-11
EU27_2020,T_RS,2022,9.604900125,2064948.998,214989117.20000002,9.604900122,3.23e-10
EU27_2020,T_RS,2023,9.789057584,2131179.573,217710393.0,9.789057581,3.34e-10
EU27_2020,T_RS,2024,9.951557539,2183652.466,219428210.8,9.951557541,2.49e-10
EU27_2020,T_TT,1991,9.405854338,1709894.868,181790489.89999998,9.405854338,1.93e-11
EU27_2020,T_TT,1993,9.183958852,1630886.433,177579893.29999998,9.183958852,5.98e-12
EU27_2020,T_TT,1995,9.101991364,1622558.945,178264171.0,9.101991364,2.92e-11
EU27_2020,T_TT,1996,9.188012549,1644560.74,178989823.0,9.18801255,8.07e-11
EU27_2020,T_TT,1997,9.137783381,1649029.107,180462705.0,9.137783383,2.19e-10
EU27_2020,T_TT,1998,9.202180941,1681488.398,182727161.0,9.202180939,2.12e-10
EU27_2020,T_TT,1999,9.295463698,1716518.722,184661979.0,9.295463697,1.14e-10
EU27_2020,T_TT,2000,9.456540906,1772405.106,187426367.0,9.456540904,2.25e-10
EU27_2020,T_TT,2001,9.503042196,1793750.075,188755352.0,9.503042197,1.24e-10
EU27_2020,T_TT,2002,9.660707852,1820461.991,188439814.0,9.660707853,1.43e-10
EU27_2020,T_TT,2003,9.67399444,1828907.113,189053976.0,9.673994442,1.73e-10
EU27_2020,T_TT,2004,9.853679585,1871710.044,189950366.0,9.853679587,2.04e-10
EU27_2020,T_TT,2005,10.02834779,1924288.754,191884924.0,10.028347792,2.44e-10
EU27_2020,T_TT,2006,10.2857285,2011103.693,195523700.0,10.285728497,2.56e-10
EU27_2020,T_TT,2007,10.41533497,2078398.498,199551767.0,10.415334974,4.04e-10
EU27_2020,T_TT,2008,10.80669043,2177540.752,201499318.0,10.806690433,2.38e-10
EU27_2020,T_TT,2009,11.06790184,2189849.37,197855872.0,11.067901841,1.08e-10
EU27_2020,T_TT,2010,11.45867809,2246105.076,196017818.0,11.458678088,1.63e-10
EU27_2020,T_TT,2011,11.72259621,2298611.526,196083827.0,11.722596204,5.36e-10
EU27_2020,T_TT,2012,12.0619699,2359019.024,195574938.7,12.061969901,8.74e-11
EU27_2020,T_TT,2013,12.21203975,2379552.292,194852976.3,12.21203975,7.81e-12
EU27_2020,T_TT,2014,12.37172447,2432415.569,196610874.60000002,12.371724473,2.64e-10
EU27_2020,T_TT,2015,12.63442273,2507488.322,198464811.3,12.634422725,3.96e-10
EU27_2020,T_TT,2016,12.72708176,2558765.175,201048851.8,12.727081762,1.51e-10
EU27_2020,T_TT,2017,13.19293916,2695004.035,204276242.1,13.192939166,4.23e-10
EU27_2020,T_TT,2018,13.67429998,2833758.13,207232409.3,13.674299978,1.22e-10
EU27_2020,T_TT,2019,13.93364456,2924580.445,209893429.8,13.933644554,4.49e-10
EU27_2020,T_TT,2020,14.31496937,2963648.236,207031406.0,14.314969372,1.63e-10
EU27_2020,T_TT,2021,14.60408821,3072211.045,210366508.4,14.60408821,3.36e-11
EU27_2020,T_TT,2022,14.83862842,3190143.624,214989117.20000002,14.838628418,1.49e-10
EU27_2020,T_TT,2023,15.15075309,3298476.408,217710393.0,15.150753083,4.46e-10
EU27_2020,T_TT,2024,15.29847634,3356917.292,219428210.8,15.298476343,2.23e-10
FIN,T_RS,1983,3.915139426,9421.0,2406300.0,3.915139426,8.32e-11
FIN,T_RS,2004,17.21029479,41003.52734,2382500.0,17.210294791,6.89e-11
FIN,T_RS,2005,16.36363636,39582.0,2418900.0,16.363636364,2.22e-10
FIN,T_RS,2006,16.39787129,40410.914,2464400.0,16.397871287,1.75e-10
FIN,T_RS,2007,15.48275831,38999.5199,2518900.0,15.482758307,1.81e-10
FIN,T_RS,2008,15.87470242,40878.9462,2575100.0,15.874702419,4.26e-11
FIN,T_RS,2009,16.27569376,40848.7362,2509800.0,16.27569376,2.82e-11
FIN,T_RS,2010,16.62988181,41425.0356,2491000.0,16.629881815,2.73e-10
FIN,T_RS,2011,15.81943647,40002.609,2528700.0,15.819436469,4.22e-11
FIN,T_RS,2012,15.90613945,40468.4,2544200.0,15.906139454,2.79e-10
FIN,T_RS,2013,15.53062842,39196.2,2523800.0,15.530628417,1.63e-10
FIN,T_RS,2014,15.25123506,38280.6,2510000.0,15.25123506,1.57e-11
FIN,T_RS,2015,14.89904686,37515.8,2518000.0,14.899046863,1.74e-10
FIN,T_RS,2016,14.18175355,35908.2,2532000.0,14.181753555,3.17e-10
FIN,T_RS,2017,14.54343815,37046.5,2547300.0,14.54343815,1.36e-11
FIN,T_RS,2018,14.49770432,37891.2,2613600.0,14.497704316,2.84e-10
FIN,T_RS,2019,15.07631688,39983.9,2652100.0,15.076316881,6.38e-11
FIN,T_RS,2020,16.10312741,41707.1,2590000.0,16.103127413,1.94e-10
FIN,T_RS,2021,16.43733253,43554.0,2649700.0,16.437332528,1.09e-10
FIN,T_RS,2022,16.33112148,44793.0,2742800.0,16.331121482,1.04e-10
FIN,T_RS,2023,16.78050542,46482.0,2770000.0,16.780505415,2.88e-10
FIN,T_RS,2024,17.80953424,48791.0,2739600.0,17.809534239,8.00e-11
FIN,T_TT,1981,7.505419376,18004.0,2398800.0,7.505419376,4.73e-11
FIN,T_TT,1983,8.402526701,20219.0,2406300.0,8.402526701,3.05e-11
FIN,T_TT,1985,9.708137522,23550.0,2425800.0,9.708137522,3.68e-11
FIN,T_TT,1987,10.74568771,26227.0,2440700.0,10.745687713,2.37e-10
FIN,T_TT,1989,11.51370776,28516.0,2476700.0,11.513707756,3.22e-10
FIN,T_TT,1991,12.68387872,29575.0,2331700.0,12.683878715,3.86e-10
FIN,T_TT,1993,14.88323339,30527.0,2051100.0,14.883233387,2.04e-10
FIN,T_TT,1994,16.02527881,32331.0,2017500.0,16.02527881,2.55e-11
FIN,T_TT,1995,16.33749454,33634.0,2058699.9999999998,16.337494535,2.82e-10
FIN,T_TT,1997,19.05941051,41256.0,2164600.0,19.059410515,2.44e-10
FIN,T_TT,1998,21.06939034,46517.0,2207800.0,21.069390343,1.58e-10
FIN,T_TT,1999,22.45768429,50603.9,2253300.0,22.457684285,2.11e-10
FIN,T_TT,2000,22.87345349,52604.36833,2299800.0,22.873453487,1.20e-10
FIN,T_TT,2001,22.87493363,53424.40749,2335500.0,22.874933629,5.36e-11
FIN,T_TT,2002,23.28041928,55044.22334,2364400.0,23.280419278,1.02e-10
FIN,T_TT,2003,24.13341772,57196.2,2370000.0,24.133417722,6.29e-11
FIN,T_TT,2004,24.46217922,58281.142,2382500.0,24.462179224,1.43e-10
FIN,T_TT,2005,23.75928396,57471.33196,2418900.0,23.759283956,1.89e-10
FIN,T_TT,2006,23.63943865,58257.0326,2464400.0,23.639438646,1.56e-10
FIN,T_TT,2007,22.32838557,56242.9704,2518900.0,22.328385565,2.18e-10
FIN,T_TT,2008,22.01797425,56698.4855,2575100.0,22.017974253,1.56e-10
FIN,T_TT,2009,22.34003144,56069.0109,2509800.0,22.340031437,1.45e-10
FIN,T_TT,2010,22.43958406,55897.0039,2491000.0,22.439584063,1.17e-10
FIN,T_TT,2011,21.5628046,54525.864,2528700.0,21.562804603,1.46e-10
FIN,T_TT,2012,21.24306894,54046.616,2544200.0,21.243068941,5.28e-11
FIN,T_TT,2013,20.98902449,52972.1,2523800.0,20.989024487,1.48e-10
FIN,T_TT,2014,20.76900398,52130.2,2510000.0,20.769003984,1.96e-10
FIN,T_TT,2015,20.00285941,50367.2,2518000.0,20.002859412,1.12e-10
FIN,T_TT,2016,18.73195103,47429.3,2532000.0,18.731951027,1.68e-10
FIN,T_TT,2017,19.235465,48998.5,2547300.0,19.235465002,1.12e-10
FIN,T_TT,2018,19.13502449,50011.3,2613600.0,19.135024487,1.41e-10
FIN,T_TT,2019,19.41612307,51493.5,2652100.0,19.416123072,1.18e-10
FIN,T_TT,2020,20.66374517,53519.1,2590000.0,20.663745174,1.81e-10
FIN,T_TT,2021,21.31863985,56488.0,2649700.0,21.318639846,1.87e-10
FIN,T_TT,2022,20.79298527,57031.0,2742800.0,20.792985271,2.53e-11
FIN,T_TT,2023,21.56101083,59724.0,2770000.0,21.56101083,1.51e-11
FIN,T_TT,2024,22.78836326,62431.0,2739600.0,22.788363265,2.07e-10
FRA,T_RS,1981,3.784357987,85500.0,22593000.0,3.784357987,3.40e-12
FRA,T_RS,1982,3.975812147,90076.0,22656000.0,3.975812147,2.70e-11
FRA,T_RS,1983,4.094089584,92682.0,22638000.0,4.094089584,2.80e-11
FRA,T_RS,1984,4.359463778,98210.0,22528000.0,4.359463778,9.38e-11
FRA,T_RS,1985,4.547205052,102253.0,22487000.0,4.547205052,4.23e-11
FRA,T_RS,1986,4.643732578,104953.0,22601000.0,4.643732578,4.40e-11
FRA,T_RS,1987,4.795395747,109359.0,22805000.0,4.795395747,9.45e-11
FRA,T_RS,1988,5.000564481,115163.0,23030000.0,5.000564481,2.23e-11
FRA,T_RS,1989,5.139114108,120430.0,23434000.0,5.139114108,5.71e-11
FRA,T_RS,1990,5.2405074,123938.0,23650000.0,5.2405074,8.07e-11
FRA,T_RS,1991,5.473408966,129780.0,23711000.0,5.473408966,5.53e-11
FRA,T_RS,1992,6.012048704,141710.0,23571000.0,6.012048704,1.40e-11
FRA,T_RS,1993,6.250449833,145898.0,23342000.0,6.250449833,1.29e-11
FRA,T_RS,1994,6.356482468,149193.0,23471000.0,6.356482468,4.31e-11
FRA,T_RS,1995,6.378578357,151248.85,23712000.0,6.378578357,7.83e-12
FRA,T_RS,1996,6.491153782,154827.0,23852000.0,6.491153782,5.34e-11
FRA,T_RS,1997,6.43687188,154742.4,24040000.0,6.43687188,3.10e-11
FRA,T_RS,1998,6.365819401,155727.04,24463000.0,6.365819401,4.28e-11
FRA,T_RS,1999,6.402107112,160424.0,25058000.0,6.402107112,7.79e-11
FRA,T_RS,2000,6.69793694,172070.0,25690000.0,6.69793694,6.63e-11
FRA,T_RS,2001,6.806554357,177372.0,26059000.0,6.806554357,6.17e-11
FRA,T_RS,2002,7.11852757,186420.0,26188000.0,7.11852757,1.70e-11
FRA,T_RS,2003,7.359236241,192789.9118,26197000.0,7.359236241,2.84e-11
FRA,T_RS,2004,7.714897835,202377.2,26232000.0,7.714897835,3.81e-11
FRA,T_RS,2005,7.666936357,202506.79,26413000.0,7.666936357,1.26e-11
FRA,T_RS,2006,7.886715973,210591.0899,26702000.0,7.886715973,5.25e-11
FRA,T_RS,2007,8.18970958,221851.0428,27089000.0,8.18970958,5.69e-11
FRA,T_RS,2008,8.361926322,227678.5299,27228000.0,8.361926322,2.01e-11
FRA,T_RS,2009,8.705372821,234366.0471,26922000.0,8.705372821,5.56e-11
FRA,T_RS,2010,9.03715406,243533.2276,26948000.0,9.03715406,3.65e-11
FRA,T_RS,2011,9.178325232,249246.6,27156000.0,9.178325232,7.70e-13
FRA,T_RS,2012,9.500348585,258913.0,27253000.0,9.500348585,5.02e-11
FRA,T_RS,2013,9.722241758,265465.8112,27305000.0,9.722241758,8.25e-12
FRA,T_RS,2014,9.899907905,271772.2718,27452000.0,9.899907905,2.97e-11
FRA,T_RS,2015,10.15479089,279470.0,27521000.0,10.154790887,2.99e-10
FRA,T_RS,2016,10.29898862,285487.9646,27720000.0,10.298988622,1.88e-10
FRA,T_RS,2017,10.56527532,296324.277,28047000.0,10.565275324,3.37e-10
FRA,T_RS,2018,10.78221607,305438.6168,28328000.0,10.782216069,1.01e-10
FRA,T_RS,2019,10.93342068,313373.7036,28662000.0,10.933420682,2.23e-10
FRA,T_RS,2020,11.2200384,321398.0,28645000.0,11.220038401,9.96e-11
FRA,T_RS,2021,11.35567273,333800.0,29395000.0,11.355672733,3.05e-10
FRA,T_RS,2022,11.40566791,342900.0,30064000.0,11.405667908,1.35e-10
FRA,T_RS,2023,11.72488896,356378.0,30395000.0,11.724888962,1.71e-10
FRA,T_RS,2024,11.82193374,362023.077,30623000.0,11.821933743,2.21e-10
FRA,T_TT,1981,11.02111273,249000.0,22593000.0,11.021112734,3.66e-10
FRA,T_TT,1982,11.42906956,258937.0,22656000.0,11.429069562,1.88e-10
FRA,T_TT,1983,11.53737079,261183.0,22638000.0,11.537370792,2.14e-10
FRA,T_TT,1984,11.98020241,269890.0,22528000.0,11.980202415,3.98e-10
FRA,T_TT,1985,12.14097034,273014.0,22487000.0,12.140970338,1.30e-10
FRA,T_TT,1986,12.13667537,274301.0,22601000.0,12.136675368,1.36e-10
FRA,T_TT,1987,12.18684499,277921.0,22805000.0,12.18684499,1.10e-11
FRA,T_TT,1988,12.29261832,283099.0,23030000.0,12.292618324,3.19e-10
FRA,T_TT,1989,12.34454212,289282.0,23434000.0,12.344542118,1.39e-10
FRA,T_TT,1990,12.38748414,292964.0,23650000.0,12.387484144,3.04e-10
FRA,T_TT,1991,12.61865801,299201.0,23711000.0,12.618658007,2.51e-10
FRA,T_TT,1992,13.20410674,311234.0,23571000.0,13.204106741,1.01e-10
FRA,T_TT,1993,13.45942935,314170.0,23342000.0,13.459429355,3.57e-10
FRA,T_TT,1994,13.4275915,315159.0,23471000.0,13.427591496,3.06e-10
FRA,T_TT,1995,13.42713478,318384.22,23712000.0,13.427134784,3.04e-10
FRA,T_TT,1996,13.44981553,320805.0,23852000.0,13.449815529,6.72e-11
FRA,T_TT,1997,12.73618386,306177.86,24040000.0,12.73618386,1.83e-11
FRA,T_TT,1998,12.6379144,309161.3,24463000.0,12.637914401,1.06e-10
FRA,T_TT,1999,12.5489664,314452.0,25058000.0,12.548966398,1.63e-10
FRA,T_TT,2000,12.74682756,327466.0,25690000.0,12.746827559,5.01e-11
FRA,T_TT,2001,12.79857247,333518.0,26059000.0,12.79857247,1.28e-11
FRA,T_TT,2002,12.97721075,339847.195,26188000.0,12.977210745,3.56e-10
FRA,T_TT,2003,13.06665037,342307.0397,26197000.0,13.066650368,1.25e-10
FRA,T_TT,2004,13.41885102,352003.3,26232000.0,13.418851022,1.23e-10
FRA,T_TT,2005,13.23898308,349681.26,26413000.0,13.238983077,2.63e-10
FRA,T_TT,2006,13.69987112,365813.9586,26702000.0,13.699871118,1.26e-10
FRA,T_TT,2007,13.85194901,375235.4468,27089000.0,13.851949013,1.82e-10
FRA,T_TT,2008,14.05364956,382652.7702,27228000.0,14.053649559,5.14e-11
FRA,T_TT,2009,14.49422516,390213.5298,26922000.0,14.494225162,1.09e-10
FRA,T_TT,2010,14.76014152,397756.2936,26948000.0,14.760141517,2.04e-10
FRA,T_TT,2011,14.82146487,402491.7,27156000.0,14.82146487,2.41e-11
FRA,T_TT,2012,15.10952923,411780.0,27253000.0,15.109529226,2.55e-10
FRA,T_TT,2013,15.26047789,416687.3487,27305000.0,15.260477887,2.07e-10
FRA,T_TT,2014,15.44159792,423902.7462,27452000.0,15.441597924,2.36e-10
FRA,T_TT,2015,15.49464809,426428.2102,27521000.0,15.494648094,2.70e-10
FRA,T_TT,2016,15.59325397,432245.0,27720000.0,15.593253968,1.12e-10
FRA,T_TT,2017,15.76717653,442222.0,28047000.0,15.767176525,3.10e-10
FRA,T_TT,2018,16.00490681,453387.0,28328000.0,16.004906806,2.51e-10
FRA,T_TT,2019,16.11511267,461891.3595,28662000.0,16.115112675,3.30e-10
FRA,T_TT,2020,16.55262699,474150.0,28645000.0,16.552626986,2.71e-10
FRA,T_TT,2021,16.88212281,496250.0,29395000.0,16.88212281,1.01e-13
FRA,T_TT,2022,16.6768893,501374.0,30064000.0,16.676889303,1.69e-10
FRA,T_TT,2023,16.88534298,513230.0,30395000.0,16.885342984,2.39e-10
FRA,T_TT,2024,17.00733184,520815.523,30623000.0,17.007331842,1.22e-10
GBR,T_RS,1981,5.252717792,127000.0,24177959.88,5.252717791,2.83e-10
GBR,T_RS,1982,5.391925515,128000.0,23739200.34,5.391925514,1.48e-10
GBR,T_RS,1983,5.360229559,127000.0,23693015.12,5.36022956,9.40e-11
GBR,T_RS,1984,5.32485924,129000.0,24225992.5,5.32485924,9.14e-11
GBR,T_RS,1985,5.351304746,131000.0,24480011.18,5.351304746,7.38e-11
GBR,T_RS,1986,5.455737909,134000.0,24561297.159999996,5.455737909,7.48e-11
GBR,T_RS,1987,5.334561705,134000.0,25119214.55,5.334561705,1.41e-11
GBR,T_RS,1988,5.265589649,137000.0,26017978.83,5.265589648,1.11e-10
GBR,T_RS,1989,4.970501017,133000.0,26757865.97,4.970501016,1.25e-10
GBR,T_RS,1990,4.947614372,133000.0,26881642.34,4.947614373,1.18e-10
GBR,T_RS,1991,4.903484987,128000.0,26103883.330000002,4.903484987,8.64e-11
GBR,T_RS,1992,5.054472793,129000.0,25521949.62,5.054472794,1.66e-10
GBR,T_RS,1993,5.171770052,131000.0,25329819.13,5.171770052,6.79e-12
GBR,T_RS,1994,5.248862834,134000.0,25529339.26,5.248862833,1.37e-10
GBR,T_RS,1995,5.643104013,145673.0,25814339.0,5.643104013,2.64e-11
GBR,T_RS,1996,5.554713574,144735.0,26056249.0,5.554713574,5.41e-11
GBR,T_RS,1997,5.49117276,145641.2,26522786.0,5.49117276,1.72e-11
GBR,T_RS,1998,5.884331031,157662.0,26793530.0,5.884331031,5.73e-11
GBR,T_RS,1999,6.168238999,167573.03,27167078.0,6.168238999,5.06e-11
GBR,T_RS,2000,6.205747979,170554.39,27483293.0,6.205747979,5.27e-11
GBR,T_RS,2001,6.572886466,182143.84,27711393.0,6.572886466,2.04e-11
GBR,T_RS,2002,7.091456766,198162.98,27943903.0,7.091456766,1.11e-11
GBR,T_RS,2003,7.677756069,216689.87,28223073.0,7.677756069,5.34e-11
GBR,T_RS,2004,8.024583704,228969.09,28533454.0,8.024583704,5.58e-11
GBR,T_RS,2005,8.616019395,248599.3,28853150.0,8.616019395,2.75e-11
GBR,T_RS,2006,8.716714782,254009.0,29140451.0,8.716714782,5.57e-11
GBR,T_RS,2007,8.599781332,252650.8,29378747.0,8.599781332,3.23e-11
GBR,T_RS,2008,8.503287682,251931.7,29627564.0,8.503287682,3.52e-11
GBR,T_RS,2009,8.78513389,256124.1127,29154264.0,8.78513389,1.72e-11
GBR,T_RS,2010,8.779078408,256584.957,29226867.0,8.779078408,5.14e-11
GBR,T_RS,2011,8.557003324,251357.6,29374489.0,8.557003324,5.49e-11
GBR,T_RS,2012,8.626443222,256156.4,29694324.0,8.626443222,6.53e-12
GBR,T_RS,2013,8.910876423,267698.5,30041770.0,8.910876423,6.77e-12
GBR,T_RS,2014,8.993859234,276583.8,30752516.0,8.993859234,1.69e-11
GBR,T_RS,2015,9.137116196,285855.0,31285035.0,9.137116196,3.17e-11
GBR,T_RS,2016,9.169948646,291103.0,31745325.0,9.169948646,1.99e-12
GBR,T_RS,2017,9.227711519,295842.0,32060170.0,9.227711519,3.41e-11
GBR,T_TT,1981,12.90431457,312000.0,24177959.88,12.904314572,1.53e-10
GBR,T_TT,1982,12.97432077,308000.0,23739200.34,12.974320769,1.12e-10
GBR,T_TT,1983,12.78857918,303000.0,23693015.12,12.788579185,4.12e-10
GBR,T_TT,1984,12.21828167,296000.0,24225992.5,12.218281666,3.39e-10
GBR,T_TT,1985,11.80555016,289000.0,24480011.18,11.805550164,3.36e-10
GBR,T_TT,1986,11.84790844,291000.0,24561297.159999996,11.847908443,2.77e-10
GBR,T_TT,1987,11.46532665,288000.0,25119214.55,11.46532665,2.49e-11
GBR,T_TT,1988,11.14613867,290000.0,26017978.83,11.146138672,1.64e-10
GBR,T_TT,1989,10.50158486,281000.0,26757865.97,10.501584854,5.57e-10
GBR,T_TT,1990,10.41603026,280000.0,26881642.34,10.416030258,1.85e-10
GBR,T_TT,1991,9.998512357,261000.0,26103883.330000002,9.998512355,1.56e-10
GBR,T_TT,1992,10.10894559,258000.0,25521949.62,10.108945588,2.30e-10
GBR,T_TT,1993,10.1461443,257000.0,25329819.13,10.146144301,5.49e-11
GBR,T_TT,1994,10.48922564,267783.0,25529339.26,10.489225642,2.31e-10
GBR,T_TT,1995,10.72493082,276857.0,25814339.0,10.724930822,2.20e-10
GBR,T_TT,1996,10.42283561,271580.0,26056249.0,10.422835612,2.20e-10
GBR,T_TT,1997,10.05622109,266719.0,26522786.0,10.056221092,2.30e-10
GBR,T_TT,1998,10.61782453,284489.0,26793530.0,10.617824527,2.79e-10
GBR,T_TT,1999,10.67266049,289945.0,27167078.0,10.67266049,2.25e-12
GBR,T_TT,2000,10.50087957,288598.75,27483293.0,10.500879571,6.92e-11
GBR,T_TT,2001,10.79719125,299205.21,27711393.0,10.797191249,8.33e-11
GBR,T_TT,2002,11.04984153,308775.7,27943903.0,11.049841534,3.90e-10
GBR,T_TT,2003,11.19105457,315845.95,28223073.0,11.191054567,2.41e-10
GBR,T_TT,2004,11.17586465,318886.02,28533454.0,11.175864653,3.10e-10
GBR,T_TT,2005,11.26104082,324916.5,28853150.0,11.261040822,1.98e-10
GBR,T_TT,2006,11.48931086,334803.7,29140451.0,11.489310855,4.17e-10
GBR,T_TT,2007,11.70420576,343854.9,29378747.0,11.704205765,4.10e-10
GBR,T_TT,2008,11.54619057,342085.5,29627564.0,11.546190568,2.01e-10
GBR,T_TT,2009,11.91887403,347486.0,29154264.0,11.918874028,1.54e-10
GBR,T_TT,2010,12.00150406,350766.363,29226867.0,12.001504061,1.10e-10
GBR,T_TT,2011,12.12815311,356258.3,29374489.0,12.128153106,3.37e-10
GBR,T_TT,2012,12.00513607,356484.4,29694324.0,12.005136066,3.55e-10
GBR,T_TT,2013,12.56060811,377342.9,30041770.0,12.560608113,2.63e-10
GBR,T_TT,2014,12.88612613,396280.8,30752516.0,12.88612613,2.31e-11
GBR,T_TT,2015,13.25039272,414539.0,31285035.0,13.25039272,2.16e-11
GBR,T_TT,2016,13.35046971,423815.0,31745325.0,13.350469715,3.62e-10
GBR,T_TT,2017,13.86826707,444619.0,32060170.0,13.868267074,2.93e-10
GRC,T_RS,1993,1.988746236,8031.0,4038222.601,1.988746237,2.65e-10
GRC,T_RS,1995,2.33720497,9705.26,4152506.9999999995,2.33720497,1.69e-10
GRC,T_RS,1997,2.660780354,10964.4,4120746.0,2.660780354,5.69e-11
GRC,T_RS,1999,3.423271916,14747.63,4308051.0,3.423271916,6.75e-11
GRC,T_RS,2001,3.315599454,14371.31,4334453.0,3.315599454,1.31e-11
GRC,T_RS,2003,3.480479934,15631.26,4491122.0,3.480479934,1.37e-10
GRC,T_RS,2005,4.211607189,19592.78411,4652092.0,4.211607189,5.56e-11
GRC,T_RS,2006,4.197154894,19906.9,4742951.0,4.197154894,8.30e-11
GRC,T_RS,2007,4.371786147,21014.0,4806731.0,4.371786147,8.78e-11
GRC,T_RS,2011,5.476914465,24674.25,4505137.0,5.476914465,8.54e-11
GRC,T_RS,2012,5.732994712,24799.97771,4325833.0,5.732994711,1.61e-10
GRC,T_RS,2013,6.796212494,29228.24,4300666.0,6.796212494,5.89e-11
GRC,T_RS,2014,6.708328366,29877.09,4453731.0,6.708328366,6.14e-11
GRC,T_RS,2015,8.029476888,34708.0,4322573.0,8.029476888,5.56e-12
GRC,T_RS,2016,6.578567603,29403.0,4469514.0,6.578567603,5.29e-11
GRC,T_RS,2017,7.871177412,35000.19,4446627.0,7.871177412,5.68e-11
GRC,T_RS,2018,7.889326037,36688.08,4650344.0,7.889326037,5.63e-12
GRC,T_RS,2019,8.223337927,39076.94,4751956.0,8.223337927,5.72e-11
GRC,T_RS,2020,9.276615763,42948.82,4629794.0,9.276615763,3.66e-12
GRC,T_RS,2021,9.31949032,45344.53,4865559.0,9.31949032,4.17e-11
GRC,T_RS,2022,10.24565122,51611.3,5037386.0,10.245651217,3.20e-10
GRC,T_RS,2023,10.64663155,54679.13,5135815.0,10.646631547,2.55e-10
GRC,T_RS,2024,9.807101139,50834.893,5183478.0,9.807101139,4.36e-11
GRC,T_TT,1993,3.602822686,14549.0,4038222.601,3.602822686,1.37e-10
GRC,T_TT,1995,4.2314438,17571.1,4152506.9999999995,4.2314438,2.24e-11
GRC,T_TT,1997,4.891762317,20157.71,4120746.0,4.891762317,3.61e-11
GRC,T_TT,1999,6.123934002,26382.22,4308051.0,6.123934002,4.74e-11
GRC,T_TT,2001,6.973495848,30226.29,4334453.0,6.973495848,3.80e-11
GRC,T_TT,2003,7.091588694,31849.19,4491122.0,7.091588694,4.48e-11
GRC,T_TT,2005,7.223131517,33602.67234,4652092.0,7.223131516,1.54e-10
GRC,T_TT,2006,7.408826277,35139.7,4742951.0,7.408826277,1.93e-11
GRC,T_TT,2007,7.391917709,35530.96,4806731.0,7.391917709,3.66e-11
GRC,T_TT,2011,8.193608763,36913.33,4505137.0,8.193608763,4.65e-11
GRC,T_TT,2012,8.636764295,37361.2,4325833.0,8.636764295,1.43e-11
GRC,T_TT,2013,9.809555078,42187.62,4300666.0,9.809555078,2.18e-11
GRC,T_TT,2014,9.725802928,43316.11,4453731.0,9.725802928,7.49e-12
GRC,T_TT,2015,11.48806509,49658.0,4322573.0,11.488065095,3.97e-10
GRC,T_TT,2016,9.350009867,41790.0,4469514.0,9.350009867,1.66e-11
GRC,T_TT,2017,10.70133834,47584.86,4446627.0,10.70133834,2.57e-11
GRC,T_TT,2018,11.02694123,51279.07,4650344.0,11.026941233,2.48e-10
GRC,T_TT,2019,11.34952638,53932.45,4751956.0,11.349526385,3.97e-10
GRC,T_TT,2020,12.54986507,58103.29,4629794.0,12.54986507,3.26e-11
GRC,T_TT,2021,12.68144729,61702.33,4865559.0,12.681447291,8.29e-11
GRC,T_TT,2022,13.7584255,69306.5,5037386.0,13.758425501,6.14e-11
GRC,T_TT,2023,14.26516142,73263.23,5135815.0,14.26516142,2.38e-11
GRC,T_TT,2024,13.36368708,69270.378,5183478.0,13.363687084,3.17e-10
HRV,T_RS,2002,5.534736086,8572.0,1548764.0,5.534736086,5.86e-11
HRV,T_RS,2003,3.69646014,5861.0,1585571.0,3.69646014,1.09e-10
HRV,T_RS,2004,4.469301719,7140.0,1597565.0,4.469301719,1.00e-10
HRV,T_RS,2005,3.552112536,5727.0,1612280.0,3.552112536,8.00e-11
HRV,T_RS,2006,3.476550912,5777.6,1661877.0,3.476550912,3.15e-12
HRV,T_RS,2007,3.578177844,6129.0,1712883.0,3.578177844,5.83e-12
HRV,T_RS,2008,3.831157872,6696.5,1747905.0,3.831157872,3.86e-11
HRV,T_RS,2009,3.991113967,6931.2,1736658.0,3.991113967,4.30e-11
HRV,T_RS,2010,4.252928202,7103.7,1670308.0,4.252928202,1.09e-10
HRV,T_RS,2011,4.26794757,6847.0,1604284.0,4.26794757,8.91e-11
HRV,T_RS,2012,4.309301433,6687.5,1551875.659,4.309301432,1.74e-10
HRV,T_RS,2013,4.342409011,6528.9,1503520.277,4.342409012,1.43e-10
HRV,T_RS,2014,3.963980237,6117.3,1543221.619,3.963980238,1.59e-10
HRV,T_RS,2015,4.083148668,6367.3,1559409.2989999999,4.083148667,3.26e-10
HRV,T_RS,2016,5.021536441,7787.9,1550899.827,5.021536443,3.05e-10
HRV,T_RS,2017,4.979312011,7815.2,1569534.101,4.979312011,1.00e-10
HRV,T_RS,2018,5.048640285,7985.3,1581673.391,5.048640285,6.07e-11
HRV,T_RS,2019,5.47838445,8820.1,1609981.936,5.478384448,3.36e-10
HRV,T_RS,2020,5.73921706,9112.5,1587760.126,5.739217059,2.55e-10
HRV,T_RS,2021,5.895979364,9507.7,1612573.486,5.895979366,3.80e-10
HRV,T_RS,2022,6.035224502,9913.0,1642523.819,6.035224503,2.47e-10
HRV,T_RS,2023,5.70068808,9523.7,1670622.891,5.700688079,9.44e-11
HRV,T_RS,2024,5.307799493,9362.1,1763838.293,5.307799495,2.86e-10
HRV,T_TT,2002,8.367963098,12960.0,1548764.0,8.367963098,3.77e-11
HRV,T_TT,2003,5.769530346,9148.0,1585571.0,5.769530346,2.60e-11
HRV,T_TT,2004,6.986883163,11162.0,1597565.0,6.986883163,2.67e-11
HRV,T_TT,2005,5.74986975,9270.4,1612280.0,5.74986975,5.72e-11
HRV,T_TT,2006,5.725935193,9515.8,1661877.0,5.725935193,7.75e-11
HRV,T_TT,2007,5.910444555,10123.9,1712883.0,5.910444555,6.93e-11
HRV,T_TT,2008,6.054791307,10583.2,1747905.0,6.054791307,5.09e-11
HRV,T_TT,2009,6.342757181,11015.2,1736658.0,6.342757181,4.00e-11
HRV,T_TT,2010,6.50095671,10858.6,1670308.0,6.50095671,3.38e-11
HRV,T_TT,2011,6.621146879,10622.2,1604284.0,6.621146879,3.49e-11
HRV,T_TT,2012,6.68088319,10367.9,1551875.659,6.680883188,3.07e-10
HRV,T_TT,2013,6.949224535,10448.3,1503520.277,6.949224536,2.11e-10
HRV,T_TT,2014,6.497122562,10026.5,1543221.619,6.497122563,1.03e-10
HRV,T_TT,2015,6.825982127,10644.5,1559409.2989999999,6.825982125,3.43e-10
HRV,T_TT,2016,7.438198004,11535.9,1550899.827,7.438198006,2.08e-10
HRV,T_TT,2017,7.504010262,11777.8,1569534.101,7.504010262,3.93e-11
HRV,T_TT,2018,8.23747815,13029.0,1581673.391,8.237478151,9.22e-11
HRV,T_TT,2019,9.001156895,14491.7,1609981.936,9.001156892,2.80e-10
HRV,T_TT,2020,9.772886817,15517.0,1587760.126,9.772886815,2.54e-10
HRV,T_TT,2021,10.24957941,16528.2,1612573.486,10.24957941,4.73e-11
HRV,T_TT,2022,10.46663665,17191.7,1642523.819,10.466636649,1.42e-10
HRV,T_TT,2023,9.974483224,16663.6,1670622.891,9.974483224,5.41e-12
HRV,T_TT,2024,9.383059695,16550.2,1763838.293,9.383059698,2.69e-10
HUN,T_RS,1992,2.792958137,12311.0,4407871.295,2.792958137,1.78e-11
HUN,T_RS,1993,2.860474845,11818.0,4131481.8830000004,2.860474845,9.35e-11
HUN,T_RS,1994,2.901518846,11752.0,4050292.494,2.901518845,2.68e-10
HUN,T_RS,1995,2.684170832,10499.0,3911450.0,2.684170832,7.87e-11
HUN,T_RS,1996,2.665724818,10408.0,3904379.0,2.665724818,7.90e-11
HUN,T_RS,1997,2.827318374,11154.0,3945081.0,2.827318374,1.60e-10
HUN,T_RS,1998,2.946773696,11731.0,3980964.0,2.946773696,6.57e-12
HUN,T_RS,1999,3.099039936,12579.0,4058999.0,3.099039936,9.41e-11
HUN,T_RS,2000,3.525921865,14406.0,4085740.0,3.525921865,4.89e-11
HUN,T_RS,2001,3.581548359,14666.0,4094877.0,3.581548359,2.34e-11
HUN,T_RS,2002,3.659024404,14965.0,4089888.0,3.659024404,1.09e-10
HUN,T_RS,2003,3.640370704,15180.0,4169904.9999999995,3.640370704,3.05e-11
HUN,T_RS,2004,3.607715631,14904.0,4131145.9999999995,3.607715631,1.25e-10
HUN,T_RS,2005,3.87089665,15878.0,4101892.0,3.87089665,9.21e-11
HUN,T_RS,2006,4.239889759,17547.0,4138551.0000000005,4.239889759,1.14e-10
HUN,T_RS,2007,4.227363152,17391.0,4113912.0000000005,4.227363152,3.62e-11
HUN,T_RS,2008,4.589026216,18504.0,4032228.0,4.589026216,4.81e-11
HUN,T_RS,2009,5.069875027,20064.0,3957494.0,5.069875027,5.10e-12
HUN,T_RS,2010,5.436616999,21342.0,3925603.0,5.436616999,5.27e-11
HUN,T_RS,2011,5.869283192,23019.0,3921944.0,5.869283192,3.63e-11
HUN,T_RS,2012,6.02138771,23837.0,3958722.0,6.02138771,7.94e-11
HUN,T_RS,2013,6.231556144,25038.0,4017937.0,6.231556144,5.77e-11
HUN,T_RS,2014,6.246772414,26213.0,4196247.0,6.246772414,7.36e-11
HUN,T_RS,2015,5.888579863,25316.0,4299169.0,5.888579863,4.08e-11
HUN,T_RS,2016,5.80963516,25804.0,4441587.0,5.80963516,5.42e-11
HUN,T_RS,2017,6.289592059,28426.0,4519530.0,6.289592059,5.59e-11
HUN,T_RS,2018,8.161252778,37606.0,4607871.0,8.161252778,1.55e-11
HUN,T_RS,2019,8.42679401,39295.0,4663102.0,8.42679401,4.12e-11
HUN,T_RS,2020,9.215019306,42099.0,4568520.0,9.215019306,3.63e-12
HUN,T_RS,2021,9.258070093,43324.0,4679593.0,9.258070093,1.64e-11
HUN,T_RS,2022,9.622666979,45765.0,4755958.0,9.622666979,2.42e-12
HUN,T_RS,2023,9.233475776,44224.0,4789529.0,9.233475776,1.14e-12
HUN,T_RS,2024,9.273269796,44401.0,4788063.0,9.273269796,1.70e-11
HUN,T_TT,1992,5.488363516,24192.0,4407871.295,5.488363516,5.37e-11
HUN,T_TT,1993,5.472370602,22609.0,4131481.8830000004,5.472370602,3.43e-11
HUN,T_TT,1994,5.43368165,22008.0,4050292.494,5.43368165,8.09e-11
HUN,T_TT,1995,5.007094556,19585.0,3911450.0,5.007094556,5.44e-11
HUN,T_TT,1996,5.065082053,19776.0,3904379.0,5.065082053,5.11e-11
HUN,T_TT,1997,5.261742408,20758.0,3945081.0,5.261742408,3.35e-11
HUN,T_TT,1998,5.103035345,20315.0,3980964.0,5.103035345,4.07e-11
HUN,T_TT,1999,5.254743842,21329.0,4058999.0,5.254743842,3.09e-12
HUN,T_TT,2000,5.760033678,23534.0,4085740.0,5.760033678,1.90e-11
HUN,T_TT,2001,5.602610286,22942.0,4094877.0,5.602610286,4.57e-12
HUN,T_TT,2002,5.795513227,23703.0,4089888.0,5.795513227,4.00e-11
HUN,T_TT,2003,5.590295223,23311.0,4169904.9999999995,5.590295223,8.00e-11
HUN,T_TT,2004,5.525343331,22826.0,4131145.9999999995,5.525343331,2.13e-11
HUN,T_TT,2005,5.66543439,23239.0,4101892.0,5.66543439,3.73e-11
HUN,T_TT,2006,6.27538479,25971.0,4138551.0000000005,6.27538479,7.55e-11
HUN,T_TT,2007,6.308836942,25954.0,4113912.0000000005,6.308836942,6.69e-11
HUN,T_TT,2008,6.795994671,27403.0,4032228.0,6.795994671,9.38e-12
HUN,T_TT,2009,7.528754308,29795.0,3957494.0,7.528754308,4.65e-11
HUN,T_TT,2010,8.019150179,31480.0,3925603.0,8.019150179,4.22e-12
HUN,T_TT,2011,8.658971163,33960.0,3921944.0,8.658971163,3.24e-11
HUN,T_TT,2012,9.026145306,35732.0,3958722.0,9.026145306,5.43e-11
HUN,T_TT,2013,9.498157886,38163.0,4017937.0,9.498157886,5.24e-11
HUN,T_TT,2014,8.895806181,37329.0,4196247.0,8.895806181,1.06e-11
HUN,T_TT,2015,8.57072611,36847.0,4299169.0,8.57072611,1.08e-11
HUN,T_TT,2016,8.050500868,35757.0,4441587.0,8.050500868,3.36e-11
HUN,T_TT,2017,8.946062976,40432.0,4519530.0,8.946062976,4.75e-11
HUN,T_TT,2018,11.86100913,54654.0,4607871.0,11.86100913,1.58e-11
HUN,T_TT,2019,12.21139919,56943.0,4663102.0,12.211399193,2.51e-10
HUN,T_TT,2020,13.05192929,59628.0,4568520.0,13.05192929,8.25e-13
HUN,T_TT,2021,13.06716204,61149.0,4679593.0,13.067162037,2.00e-10
HUN,T_TT,2022,13.18094062,62688.0,4755958.0,13.180940622,1.72e-10
HUN,T_TT,2023,12.47283397,59739.0,4789529.0,12.472833968,1.93e-10
HUN,T_TT,2024,12.41921838,59464.0,4788063.0,12.419218377,2.39e-10
IRL,T_RS,1981,1.60437926,2114.0,1317643.56,1.60437926,1.25e-10
IRL,T_RS,1982,1.735640755,2291.0,1319973.614,1.735640755,7.40e-12
IRL,T_RS,1983,1.903062795,2461.0,1293178.557,1.903062796,3.58e-10
IRL,T_RS,1984,2.097051805,2663.0,1269878.023,2.097051805,9.84e-11
IRL,T_RS,1985,2.236894786,2812.7,1257412.739,2.236894786,9.99e-11
IRL,T_RS,1986,2.35348191,2966.7,1260557.809,2.35348191,3.12e-12
IRL,T_RS,1987,2.611125366,3344.1,1280712.157,2.611125366,9.35e-11
IRL,T_RS,1988,2.799477644,3585.0,1280596.045,2.799477645,2.87e-10
IRL,T_RS,1989,3.20203215,4097.9,1279781.029,3.20203215,4.44e-11
IRL,T_RS,1990,3.446085958,4618.2,1340129.0790000001,3.446085957,2.27e-10
IRL,T_RS,1991,3.863173672,5161.4,1336051.764,3.863173673,1.72e-10
IRL,T_RS,1992,4.122292451,5546.5,1345489.2070000002,4.12229245,1.66e-10
IRL,T_RS,1993,3.549271661,4853.653585,1367506.928,3.54927166,1.59e-10
IRL,T_RS,1994,3.728973432,5269.699,1413176.869,3.728973433,1.48e-10
IRL,T_RS,1995,3.889355672,5764.137898,1482029.0,3.889355673,1.36e-10
IRL,T_RS,1996,4.258183535,6420.344357,1507766.0,4.258183536,1.82e-10
IRL,T_RS,1997,4.583045662,7047.445558,1537721.0,4.583045662,5.91e-11
IRL,T_RS,1998,4.845573892,7719.54676,1593113.0,4.845573892,2.52e-11
IRL,T_RS,1999,4.639642823,7877.0,1697760.0,4.639642823,1.05e-10
IRL,T_RS,2000,4.805760592,8516.0,1772040.0,4.805760592,6.49e-11
IRL,T_RS,2001,4.911802707,8949.0,1821938.0,4.911802707,4.32e-11
IRL,T_RS,2002,5.070147129,9376.0,1849256.0,5.070147129,8.68e-11
IRL,T_RS,2003,5.326472606,10039.0,1884737.0,5.326472606,1.46e-12
IRL,T_RS,2004,5.657343782,11010.0,1946143.0,5.657343782,6.10e-12
IRL,T_RS,2005,5.688247512,11587.0,2037007.0,5.688247512,2.79e-11
IRL,T_RS,2006,5.719255595,12172.0,2128249.0,5.719255595,6.60e-11
IRL,T_RS,2007,5.721939186,12694.7,2218601.0,5.721939186,9.57e-14
IRL,T_RS,2008,6.601810923,14502.0,2196670.0,6.601810923,1.56e-11
IRL,T_RS,2009,7.047171198,14189.0,2013432.0,7.047171198,3.30e-11
IRL,T_RS,2010,7.371772704,14176.0,1923011.0,7.371772704,5.00e-11
IRL,T_RS,2011,8.096601379,15269.0,1885853.0,8.096601379,2.56e-11
IRL,T_RS,2012,11.91087293,22368.0,1877948.0,11.910872932,1.28e-10
IRL,T_RS,2013,12.26289681,23707.0,1933230.0,12.26289681,1.56e-13
IRL,T_RS,2014,12.37042006,24543.0,1984007.0,12.370420064,3.27e-10
IRL,T_RS,2015,11.94097264,24521.34854,2053547.0,11.940972639,7.97e-11
IRL,T_RS,2016,11.40850838,24315.88941,2131382.0,11.408508381,8.30e-11
IRL,T_RS,2017,11.12194465,24445.0,2197907.0,11.12194465,6.24e-12
IRL,T_RS,2018,9.95611571,22542.0,2264136.0,9.95611571,3.65e-11
IRL,T_RS,2019,10.41959722,24333.0,2335311.0,10.419597219,1.41e-10
IRL,T_RS,2020,11.32392323,25786.0,2277126.0,11.323923226,3.50e-10
IRL,T_RS,2021,10.74827016,26081.0,2426530.0,10.748270164,3.32e-10
IRL,T_RS,2022,10.82124442,28076.0,2594526.0,10.82124442,1.60e-12
IRL,T_RS,2023,11.07143456,29718.0,2684205.0,11.071434559,1.05e-10
IRL,T_RS,2024,11.1483703,30729.0,2756367.0,11.1483703,4.23e-11
IRL,T_TT,1981,3.758983194,4953.0,1317643.56,3.758983196,4.60e-10
IRL,T_TT,1982,3.757650871,4960.0,1319973.614,3.757650871,6.94e-11
IRL,T_TT,1983,3.905106508,5050.0,1293178.557,3.905106509,2.09e-10
IRL,T_TT,1984,4.118505799,5230.0,1269878.023,4.118505798,3.34e-10
IRL,T_TT,1985,4.247610855,5341.0,1257412.739,4.247610855,1.14e-10
IRL,T_TT,1986,4.322292847,5448.5,1260557.809,4.322292846,1.97e-10
IRL,T_TT,1987,4.453850124,5704.1,1280712.157,4.453850125,1.29e-10
IRL,T_TT,1988,4.55022489,5827.0,1280596.045,4.550224892,3.44e-10
IRL,T_TT,1989,4.944517739,6327.9,1279781.029,4.944517739,1.17e-11
IRL,T_TT,1990,5.108537758,6846.1,1340129.0790000001,5.108537758,9.72e-11
IRL,T_TT,1991,5.988989509,8001.6,1336051.764,5.98898951,2.40e-10
IRL,T_TT,1992,6.308337487,8487.8,1345489.2070000002,6.308337485,3.38e-10
IRL,T_TT,1993,5.730736489,7836.821851,1367506.928,5.730736489,3.19e-11
IRL,T_TT,1994,6.124027989,8654.3347,1413176.869,6.12402799,9.67e-11
IRL,T_TT,1995,6.51924147,9661.704917,1482029.0,6.51924147,4.73e-11
IRL,T_TT,1996,6.631516648,9998.77533,1507766.0,6.631516648,2.88e-11
IRL,T_TT,1997,7.040274565,10825.97805,1537721.0,7.040274569,5.20e-10
IRL,T_TT,1998,7.289615212,11613.18076,1593113.0,7.289615212,6.59e-11
IRL,T_TT,1999,7.026317029,11929.0,1697760.0,7.026317029,7.08e-11
IRL,T_TT,2000,7.201869032,12762.0,1772040.0,7.201869032,4.19e-11
IRL,T_TT,2001,7.309249821,13317.0,1821938.0,7.309249821,2.80e-11
IRL,T_TT,2002,7.344575332,13582.0,1849256.0,7.344575332,1.13e-11
IRL,T_TT,2003,7.666852192,14450.0,1884737.0,7.666852192,1.43e-11
IRL,T_TT,2004,8.073918515,15713.0,1946143.0,8.073918515,3.42e-11
IRL,T_TT,2005,8.193393543,16690.0,2037007.0,8.193393543,5.07e-11
IRL,T_TT,2006,8.196409349,17444.0,2128249.0,8.196409349,3.44e-11
IRL,T_TT,2007,8.183986215,18157.0,2218601.0,8.183986215,3.22e-11
IRL,T_TT,2008,9.112884502,20018.0,2196670.0,9.112884502,4.95e-11
IRL,T_TT,2009,9.786772039,19705.0,2013432.0,9.786772039,1.41e-12
IRL,T_TT,2010,10.25579157,19722.0,1923011.0,10.255791569,1.43e-10
IRL,T_TT,2011,11.44893054,21591.0,1885853.0,11.448930537,2.62e-10
IRL,T_TT,2012,15.59361601,29284.0,1877948.0,15.593616011,4.28e-11
IRL,T_TT,2013,16.48536387,31870.0,1933230.0,16.485363873,1.76e-10
IRL,T_TT,2014,16.88199689,33494.0,1984007.0,16.881996888,1.12e-10
IRL,T_TT,2015,16.72540244,34346.4,2053547.0,16.725402438,1.30e-10
IRL,T_TT,2016,16.12732872,34373.49814,2131382.0,16.127328719,5.50e-11
IRL,T_TT,2017,15.37963162,33803.0,2197907.0,15.379631622,1.47e-10
IRL,T_TT,2018,13.7474074,31126.0,2264136.0,13.7474074,3.23e-11
IRL,T_TT,2019,14.10047741,32929.0,2335311.0,14.10047741,2.50e-11
IRL,T_TT,2020,15.16956023,34543.0,2277126.0,15.169560226,2.40e-10
IRL,T_TT,2021,15.84319996,38444.0,2426530.0,15.84319996,2.76e-11
IRL,T_TT,2022,15.56854701,40393.0,2594526.0,15.56854701,8.24e-12
IRL,T_TT,2023,16.28564137,43714.0,2684205.0,16.285641372,1.47e-10
IRL,T_TT,2024,16.41798788,45254.0,2756367.0,16.41798788,2.58e-11
ISL,T_RS,1981,2.979189395,344.6,115669.0476,2.979189396,1.75e-10
ISL,T_RS,1983,3.452679472,413.4,119733.0952,3.452679473,2.03e-10
ISL,T_RS,1985,3.713817001,467.5,125881.2698,3.713817002,2.34e-10
ISL,T_RS,1987,3.577680354,491.0,137239.76189999998,3.577680354,1.28e-10
ISL,T_RS,1989,5.224252858,685.4,131195.7937,5.224252857,2.84e-10
ISL,T_RS,1990,5.148514851,676.0,131300.0,5.148514851,9.42e-11
ISL,T_RS,1991,5.234577304,687.3,131300.0,5.234577304,2.21e-11
ISL,T_RS,1992,5.365151515,708.2,132000.0,5.365151515,2.82e-11
ISL,T_RS,1993,6.184370258,815.1,131800.0,6.184370258,5.40e-12
ISL,T_RS,1994,6.416226272,845.017,131700.0,6.416226272,2.65e-11
ISL,T_RS,1995,7.93146647,1076.3,135700.0,7.93146647,1.95e-11
ISL,T_RS,1997,9.667627974,1340.9,138700.0,9.667627974,4.62e-12
ISL,T_RS,1998,10.0446946,1414.293,140800.0,10.044694602,2.26e-10
ISL,T_RS,1999,10.93208593,1577.5,144300.0,10.932085932,1.91e-10
ISL,T_RS,2001,12.396,1859.4,150000.0,12.396,0.00e+00
ISL,T_RS,2003,12.85714286,1917.0,149100.0,12.857142857,2.22e-10
ISL,T_RS,2005,13.33477723,2154.9,161600.0,13.334777228,1.71e-10
ISL,T_RS,2006,14.09136817,2399.76,170300.0,14.091368174,2.70e-10
ISL,T_RS,2007,12.39921392,2208.3,178100.0,12.399213925,3.84e-10
ISL,T_RS,2008,12.87046012,2307.6735,179300.0,12.870460123,2.10e-10
ISL,T_RS,2009,15.21931956,2505.1,164600.0,15.219319563,1.69e-10
ISL,T_RS,2011,13.7449787,2258.3,164300.0,13.744978698,1.82e-10
ISL,T_RS,2013,10.78849971,1848.07,171300.0,10.788499708,1.75e-10
ISL,T_RS,2021,13.09974425,2561.0,195500.0,13.099744246,3.42e-10
ISL,T_RS,2023,10.84287678,2367.0,218300.0,10.842876775,4.54e-10
ISL,T_TT,1981,6.428686112,743.6,115669.0476,6.428686113,1.42e-10
ISL,T_TT,1983,6.478576357,775.7,119733.0952,6.478576359,3.70e-10
ISL,T_TT,1985,6.626879448,834.2,125881.2698,6.62687945,3.29e-10
ISL,T_TT,1987,6.387361708,876.6,137239.76189999998,6.387361708,2.84e-11
ISL,T_TT,1989,9.178647931,1204.2,131195.7937,9.178647928,3.33e-10
ISL,T_TT,1990,9.045696877,1187.7,131300.0,9.045696877,4.20e-11
ISL,T_TT,1991,9.118811881,1197.3,131300.0,9.118811881,2.06e-11
ISL,T_TT,1992,9.424242424,1244.0,132000.0,9.424242424,2.57e-11
ISL,T_TT,1993,10.34446131,1363.4,131800.0,10.344461305,4.83e-10
ISL,T_TT,1994,10.72338648,1412.27,131700.0,10.723386484,4.14e-10
ISL,T_TT,1995,12.48341931,1694.0,135700.0,12.483419307,2.17e-10
ISL,T_TT,1997,15.50252343,2150.2,138700.0,15.502523432,1.20e-10
ISL,T_TT,1998,16.14293324,2272.925,140800.0,16.142933239,8.45e-11
ISL,T_TT,1999,16.56548857,2390.4,144300.0,16.565488565,2.72e-10
ISL,T_TT,2001,19.33666667,2900.5,150000.0,19.336666667,1.72e-10
ISL,T_TT,2002,18.89906081,2797.061,148000.0,18.899060811,4.29e-11
ISL,T_TT,2003,19.71830986,2940.0,149100.0,19.718309859,4.29e-11
ISL,T_TT,2005,19.96163366,3225.8,161600.0,19.961633663,1.69e-10
ISL,T_TT,2006,20.04997064,3414.51,170300.0,20.04997064,2.34e-12
ISL,T_TT,2007,16.74564851,2982.4,178100.0,16.745648512,1.24e-10
ISL,T_TT,2008,17.38208589,3116.608,179300.0,17.38208589,2.47e-11
ISL,T_TT,2009,20.63791009,3397.0,164600.0,20.637910085,2.40e-10
ISL,T_TT,2011,19.74437005,3244.0,164300.0,19.744370055,2.42e-10
ISL,T_TT,2013,15.97361354,2736.28,171300.0,15.973613543,2.19e-10
ISL,T_TT,2021,22.57800512,4414.0,195500.0,22.578005115,2.17e-10
ISL,T_TT,2023,19.35868071,4226.0,218300.0,19.358680715,2.38e-10
ISR,T_TT,2011,20.22680936,70401.0,3480578.609,20.226809364,1.88e-10
ISR,T_TT,2012,21.24193212,77143.331,3631653.2120000003,21.241932117,1.64e-10
ITA,T_RS,1981,2.456936541,52060.0,21188988.46,2.45693654,2.73e-10
ITA,T_RS,1982,2.670783365,56707.0,21232347.310000002,2.670783365,8.02e-11
ITA,T_RS,1983,2.958620068,63021.0,21300808.669999998,2.958620068,6.84e-11
ITA,T_RS,1984,2.909864387,61979.0,21299618.040000003,2.909864387,1.40e-10
ITA,T_RS,1985,2.965364992,63759.0,21501231.779999997,2.965364992,8.30e-11
ITA,T_RS,1986,3.133792509,67844.0,21649167.84,3.133792509,4.53e-11
ITA,T_RS,1987,3.25164149,70556.0,21698579.08,3.25164149,1.50e-10
ITA,T_RS,1988,3.412132373,74833.0,21931446.91,3.412132374,1.56e-10
ITA,T_RS,1989,3.445198045,76074.0,22081168.92,3.445198045,7.23e-11
ITA,T_RS,1990,3.471492771,77876.0,22433000.77,3.471492771,6.28e-11
ITA,T_RS,1991,3.292288341,75238.0,22852797.869999997,3.292288342,1.78e-10
ITA,T_RS,1992,3.280409192,74422.0,22686803.88,3.280409193,2.01e-10
ITA,T_RS,1993,3.371502295,74434.0,22077398.59,3.371502294,1.86e-10
ITA,T_RS,1994,3.487218117,75722.0,21714156.52,3.487218116,1.57e-10
ITA,T_RS,1995,3.485660229,75536.0,21670500.0,3.485660229,9.87e-11
ITA,T_RS,1996,3.506001495,76441.0,21802900.0,3.506001495,6.10e-11
ITA,T_RS,1997,3.002550344,65694.0,21879400.0,3.002550344,5.31e-11
ITA,T_RS,1998,2.956164594,65354.0,22107700.0,2.956164594,8.00e-11
ITA,T_RS,1999,2.911086168,65098.0,22362100.0,2.911086168,3.94e-11
ITA,T_RS,2000,2.898557079,66110.0,22807900.0,2.898557079,3.21e-11
ITA,T_RS,2001,2.869779589,66702.0,23242900.0,2.869779589,1.37e-10
ITA,T_RS,2002,3.01061546,71242.0,23663600.0,3.01061546,1.04e-11
ITA,T_RS,2003,2.924553722,70332.3,24048900.0,2.924553722,7.12e-11
ITA,T_RS,2004,2.97778614,72012.1,24183100.0,2.97778614,3.10e-11
ITA,T_RS,2005,3.393697159,82488.9,24306500.0,3.393697159,5.78e-11
ITA,T_RS,2006,3.567335116,88429.6,24788700.0,3.567335116,1.13e-10
ITA,T_RS,2007,3.704858538,93000.1,25102200.0,3.704858538,7.97e-11
ITA,T_RS,2008,3.806548932,95766.3,25158300.0,3.806548932,4.24e-11
ITA,T_RS,2009,4.117001193,101840.2,24736500.0,4.117001193,1.05e-10
ITA,T_RS,2010,4.205214216,103424.3,24594300.0,4.205214216,7.19e-11
ITA,T_RS,2011,4.305589694,106151.3,24654300.0,4.305589694,6.80e-11
ITA,T_RS,2012,4.50114262,110694.8,24592600.0,4.50114262,3.06e-11
ITA,T_RS,2013,4.811269881,116163.3,24144000.0,4.811269881,5.91e-11
ITA,T_RS,2014,4.894638316,118183.0,24145400.0,4.894638316,4.11e-11
ITA,T_RS,2015,5.179359097,125875.0,24303200.0,5.179359097,4.93e-11
ITA,T_RS,2016,5.423980463,133706.0,24650900.0,5.423980463,3.47e-11
ITA,T_RS,2017,5.628448165,140378.0,24940800.0,5.628448165,4.54e-11
ITA,T_RS,2018,6.045367945,152307.0,25194000.0,6.045367945,4.16e-11
ITA,T_RS,2019,6.344392284,160824.0,25349000.0,6.344392284,4.42e-11
ITA,T_RS,2020,6.322523872,156988.9,24830100.0,6.322523872,3.73e-11
ITA,T_RS,2021,6.340797945,158960.0,25069400.0,6.340797945,1.50e-11
ITA,T_RS,2022,6.529134573,166822.0,25550400.0,6.529134573,3.61e-11
ITA,T_RS,2023,6.521357328,170062.0,26077700.0,6.521357328,4.48e-11
ITA,T_RS,2024,6.80613006,180666.0,26544600.0,6.80613006,5.16e-11
ITA,T_TT,1981,4.853275569,102836.0,21188988.46,4.853275568,2.41e-10
ITA,T_TT,1982,4.988944389,105927.0,21232347.310000002,4.98894439,2.12e-10
ITA,T_TT,1983,5.292897642,112743.0,21300808.669999998,5.292897643,1.58e-10
ITA,T_TT,1984,5.299813348,112884.0,21299618.040000003,5.299813348,3.81e-11
ITA,T_TT,1985,5.482802159,117887.0,21501231.779999997,5.482802158,2.08e-10
ITA,T_TT,1986,5.651579817,122352.0,21649167.84,5.651579816,1.58e-10
ITA,T_TT,1987,5.907068824,128175.0,21698579.08,5.907068824,6.68e-11
ITA,T_TT,1988,6.185866375,135665.0,21931446.91,6.185866375,3.19e-11
ITA,T_TT,1989,6.362706634,140496.0,22081168.92,6.362706635,1.87e-10
ITA,T_TT,1990,6.459991755,144917.0,22433000.77,6.459991754,9.74e-11
ITA,T_TT,1991,6.285488578,143641.0,22852797.869999997,6.285488579,8.89e-11
ITA,T_TT,1992,6.296832323,142855.0,22686803.88,6.296832324,1.60e-10
ITA,T_TT,1993,6.439662691,142171.0,22077398.59,6.43966269,1.01e-10
ITA,T_TT,1994,6.62346704,143823.0,21714156.52,6.623467039,8.08e-11
ITA,T_TT,1995,6.542950093,141789.0,21670500.0,6.542950093,6.80e-11
ITA,T_TT,1996,6.526104326,142288.0,21802900.0,6.526104326,6.57e-11
ITA,T_TT,1998,6.602586429,145968.0,22107700.0,6.602586429,2.46e-11
ITA,T_TT,1999,6.372657309,142506.0,22362100.0,6.372657309,6.73e-11
ITA,T_TT,2000,6.579562345,150066.0,22807900.0,6.579562345,5.68e-11
ITA,T_TT,2001,6.62159197,153905.0,23242900.0,6.62159197,3.16e-12
ITA,T_TT,2002,6.931447455,164023.0,23663600.0,6.931447455,2.35e-11
ITA,T_TT,2003,6.729114429,161827.8,24048900.0,6.729114429,5.20e-11
ITA,T_TT,2004,6.782682948,164026.3,24183100.0,6.782682948,1.35e-12
ITA,T_TT,2005,7.209906815,175247.6,24306500.0,7.209906815,6.86e-12
ITA,T_TT,2006,7.745561486,192002.4,24788700.0,7.745561486,4.17e-11
ITA,T_TT,2007,8.30111305,208376.2,25102200.0,8.30111305,1.78e-11
ITA,T_TT,2008,8.788948379,221115.0,25158300.0,8.788948379,1.54e-11
ITA,T_TT,2009,9.157584945,226526.6,24736500.0,9.157584945,3.53e-11
ITA,T_TT,2010,9.174141976,225631.6,24594300.0,9.174141976,1.49e-12
ITA,T_TT,2011,9.251692403,228094.0,24654300.0,9.251692403,4.95e-11
ITA,T_TT,2012,9.76631995,240179.2,24592600.0,9.76631995,9.87e-12
ITA,T_TT,2013,10.22051027,246764.0,24144000.0,10.220510272,1.67e-10
ITA,T_TT,2014,10.33186445,249467.0,24145400.0,10.331864455,4.37e-10
ITA,T_TT,2015,10.66390434,259167.0,24303200.0,10.663904342,1.70e-10
ITA,T_TT,2016,11.76589901,290040.0,24650900.0,11.765899014,3.25e-10
ITA,T_TT,2017,12.73527714,317628.0,24940800.0,12.735277136,2.94e-10
ITA,T_TT,2018,13.7185441,345625.0,25194000.0,13.718544098,1.60e-10
ITA,T_TT,2019,14.03818691,355854.0,25349000.0,14.038186911,5.17e-11
ITA,T_TT,2020,13.78513176,342286.2,24830100.0,13.785131755,3.33e-10
ITA,T_TT,2021,13.28723464,333103.0,25069400.0,13.287234637,2.52e-10
ITA,T_TT,2022,13.23396111,338133.0,25550400.0,13.233961112,1.63e-10
ITA,T_TT,2023,13.34722771,348065.0,26077700.0,13.347227708,1.52e-10
ITA,T_TT,2024,13.23934058,351433.0,26544600.0,13.239340582,1.14e-10
JPN,T_RS,1981,5.234808637,310993.0,59408666.41,5.234808636,1.15e-10
JPN,T_RS,1982,5.359307096,320991.0,59894123.3,5.359307096,3.24e-11
JPN,T_RS,1983,5.714077866,347420.0,60800711.53,5.714077866,2.70e-11
JPN,T_RS,1984,5.858533465,357416.0,61007759.39,5.858533465,3.07e-11
JPN,T_RS,1985,6.207543653,380761.0,61338432.93,6.207543653,5.14e-11
JPN,T_RS,1986,6.37417882,392981.0,61652019.99,6.37417882,7.75e-11
JPN,T_RS,1987,6.713701707,415553.0,61896256.06,6.713701708,7.96e-11
JPN,T_RS,1988,6.941527465,434643.0,62614893.07,6.941527466,8.41e-11
JPN,T_RS,1989,7.20080344,457521.5,63537562.69,7.20080344,2.76e-11
JPN,T_RS,1990,7.397543636,477866.0,64597929.190000005,7.397543636,4.55e-11
JPN,T_RS,1991,7.450921648,491102.0,65911577.550000004,7.450921648,4.30e-11
JPN,T_RS,1992,7.672408344,511407.0,66655341.73,7.672408343,1.20e-10
JPN,T_RS,1993,7.869073984,526501.0,66907618.5,7.869073983,1.32e-10
JPN,T_RS,1994,8.076900109,541015.0,66983000.0,8.076900109,2.12e-12
JPN,T_RS,1995,8.212425983,551990.0,67214000.0,8.212425983,3.87e-11
JPN,T_RS,1996,9.175918907,617365.0,67281000.0,9.175918907,2.94e-11
JPN,T_RS,1997,9.229572788,625442.0,67765000.0,9.229572788,3.39e-11
JPN,T_RS,1998,9.74555524,652845.0,66989000.0,9.74555524,4.23e-11
JPN,T_RS,1999,9.969738694,658910.0,66091000.0,9.969738694,3.82e-11
JPN,T_RS,2000,9.870019814,647572.0,65610000.0,9.870019814,5.34e-12
JPN,T_RS,2001,9.989612972,653021.0,65370000.0,9.989612972,3.12e-11
JPN,T_RS,2002,9.643459687,623035.0,64607000.0,9.643459687,3.20e-12
JPN,T_RS,2003,10.09218607,652369.0,64641000.0,10.092186074,3.82e-10
JPN,T_RS,2004,10.05609906,653747.0,65010000.0,10.056099062,1.67e-10
JPN,T_RS,2005,10.38639728,680631.0,65531000.0,10.386397278,2.29e-10
JPN,T_RS,2006,10.3787601,684884.0,65989000.0,10.378760096,3.49e-10
JPN,T_RS,2007,10.28837972,684311.0,66513000.0,10.288379715,4.62e-10
JPN,T_RS,2008,9.888060713,656676.0,66411000.0,9.888060713,1.68e-11
JPN,T_RS,2009,9.985833105,655530.0,65646000.0,9.985833105,1.65e-11
JPN,T_RS,2010,10.00658938,656032.0,65560000.0,10.006589384,3.77e-10
JPN,T_RS,2011,10.04760229,656651.0,65354000.0,10.047602289,9.24e-11
JPN,T_RS,2012,9.959582107,646347.0,64897000.0,9.959582107,3.13e-12
JPN,T_RS,2013,10.13610693,660489.0,65162000.0,10.136106933,3.44e-10
JPN,T_RS,2014,10.43796234,682935.0,65428000.0,10.43796234,2.71e-11
JPN,T_RS,2015,10.1051772,662071.0,65518000.0,10.105177203,3.18e-10
JPN,T_RS,2016,10.0632919,665566.0,66138000.0,10.063291905,4.77e-10
JPN,T_RS,2017,10.11928418,676292.0,66832000.0,10.119284175,4.70e-10
JPN,T_RS,2018,9.97167897,678134.0,68006000.0,9.97167897,4.99e-11
JPN,T_RS,2019,9.936908839,681821.0,68615000.0,9.936908839,1.76e-11
JPN,T_RS,2020,10.10604263,689889.0,68265000.0,10.106042628,1.99e-10
JPN,T_RS,2021,10.3288812,704502.0,68207000.0,10.3288812,1.19e-11
JPN,T_RS,2022,10.32836105,705551.0,68312000.0,10.328361049,6.75e-11
JPN,T_RS,2023,10.19987455,699232.0,68553000.0,10.19987455,3.74e-11
JPN,T_RS,2024,10.21015896,703447.0,68896772.61,10.210158957,2.55e-10
JPN,T_TT,1981,9.549869309,567345.0,59408666.41,9.549869308,6.61e-11
JPN,T_TT,1982,9.748669283,583888.0,59894123.3,9.748669282,8.04e-11
JPN,T_TT,1983,10.24580115,622952.0,60800711.53,10.245801148,1.84e-10
JPN,T_TT,1984,10.49258334,640129.0,61007759.39,10.492583344,3.34e-10
JPN,T_TT,1985,10.9085767,669115.0,61338432.93,10.908576696,4.11e-10
JPN,T_TT,1986,11.08970963,683703.0,61652019.99,11.089709633,3.04e-10
JPN,T_TT,1987,11.40810519,706119.0,61896256.06,11.40810519,4.88e-13
JPN,T_TT,1988,11.66639379,730490.0,62614893.07,11.666393795,4.47e-10
JPN,T_TT,1989,11.97130434,760627.5,63537562.69,11.97130434,2.13e-11
JPN,T_TT,1990,12.29663257,794337.0,64597929.190000005,12.296632569,4.07e-11
JPN,T_TT,1991,12.1802577,802820.0,65911577.550000004,12.1802577,3.42e-11
JPN,T_TT,1992,12.42931142,828480.0,66655341.73,12.429311417,2.04e-10
JPN,T_TT,1993,12.4481041,832873.0,66907618.5,12.448104097,2.05e-10
JPN,T_TT,1994,12.3609274,827972.0,66983000.0,12.360927399,4.13e-11
JPN,T_TT,1995,12.29886631,826656.0,67214000.0,12.298866308,1.94e-10
JPN,T_TT,1996,13.25460383,891783.0,67281000.0,13.254603826,3.21e-10
JPN,T_TT,1997,13.19269534,894003.0,67765000.0,13.192695344,3.19e-10
JPN,T_TT,1998,13.81673111,925569.0,66989000.0,13.816731105,3.54e-10
JPN,T_TT,1999,13.90706753,919132.0,66091000.0,13.907067528,1.36e-10
JPN,T_TT,2000,13.66936443,896847.0,65610000.0,13.669364426,2.81e-10
JPN,T_TT,2001,13.29631329,869180.0,65370000.0,13.296313294,2.68e-10
JPN,T_TT,2002,12.90553655,833788.0,64607000.0,12.905536552,1.37e-10
JPN,T_TT,2003,13.2957875,859453.0,64641000.0,13.295787503,2.47e-10
JPN,T_TT,2004,13.42488848,872752.0,65010000.0,13.424888479,9.72e-11
JPN,T_TT,2005,13.68596542,896855.0,65531000.0,13.685965421,6.91e-11
JPN,T_TT,2006,13.79585992,910375.0,65989000.0,13.795859916,2.87e-10
JPN,T_TT,2007,13.71464225,912202.0,66513000.0,13.71464225,2.82e-11
JPN,T_TT,2008,13.29206005,882739.0,66411000.0,13.29206005,2.20e-11
JPN,T_TT,2009,13.38113518,878418.0,65646000.0,13.38113518,2.99e-11
JPN,T_TT,2010,13.39121415,877928.0,65560000.0,13.391214155,3.71e-10
JPN,T_TT,2011,13.30943783,869825.0,65354000.0,13.309437831,6.69e-11
JPN,T_TT,2012,13.11512088,851132.0,64897000.0,13.115120884,2.94e-10
JPN,T_TT,2013,13.28263405,865523.0,65162000.0,13.282634051,3.92e-11
JPN,T_TT,2014,13.6835147,895285.0,65428000.0,13.683514703,2.33e-10
JPN,T_TT,2015,13.35518483,875005.0,65518000.0,13.355184835,3.52e-10
JPN,T_TT,2016,13.18969428,872340.0,66138000.0,13.189694276,3.33e-10
JPN,T_TT,2017,13.32818111,890749.0,66832000.0,13.328181111,6.34e-11
JPN,T_TT,2018,13.18855689,896901.0,68006000.0,13.188556892,1.55e-10
JPN,T_TT,2019,13.16573636,903367.0,68615000.0,13.165736355,3.78e-10
JPN,T_TT,2020,13.35413462,911620.0,68265000.0,13.354134622,1.82e-10
JPN,T_TT,2021,13.81125104,942024.0,68207000.0,13.811251045,3.34e-10
JPN,T_TT,2022,13.76140356,940069.0,68312000.0,13.76140356,9.87e-12
JPN,T_TT,2023,13.52824822,927402.0,68553000.0,13.528248217,2.43e-10
JPN,T_TT,2024,13.59380076,936569.0,68896772.61,13.593800762,1.42e-10
KOR,T_RS,1995,4.916214043,100456.0,20433609.91,4.916214044,1.12e-10
KOR,T_RS,1996,4.763620781,99433.0,20873407.97,4.763620782,2.40e-10
KOR,T_RS,1997,4.834014654,102660.0,21237006.369999997,4.834014654,3.20e-12
KOR,T_RS,1998,4.637992873,92541.0,19952812.03,4.637992873,9.24e-11
KOR,T_RS,1999,4.933922937,100210.0,20310410.46,4.933922936,2.84e-10
KOR,T_RS,2000,5.118333622,108370.0,21172906.650000002,5.118333623,1.65e-10
KOR,T_RS,2001,6.307837563,136337.0,21613904.709999997,6.307837562,9.42e-11
KOR,T_RS,2002,6.383484423,141917.0,22231901.98,6.383484424,1.20e-10
KOR,T_RS,2003,6.806528073,151254.0,22221902.03,6.806528073,1.75e-11
KOR,T_RS,2004,6.887416455,156219.6913,22681900.0,6.887416455,5.98e-11
KOR,T_RS,2005,7.875801656,179812.4276,22831000.0,7.875801656,4.52e-11
KOR,T_RS,2006,8.624683397,199990.0211,23188100.0,8.624683398,1.10e-10
KOR,T_RS,2007,9.419264419,221928.2309,23561100.0,9.419264419,1.13e-11
KOR,T_RS,2008,9.93223375,236136.871,23774800.0,9.932233752,1.72e-10
KOR,T_RS,2009,10.30398913,244076.773,23687600.0,10.303989134,3.45e-10
KOR,T_RS,2010,10.98989448,264117.936,24032800.0,10.989894478,2.23e-10
KOR,T_RS,2011,11.77913532,288900.9624,24526500.0,11.779135319,8.99e-11
KOR,T_RS,2012,12.64643247,315589.1929,24954800.0,12.646432466,3.24e-10
KOR,T_RS,2013,12.72132334,321841.8477,25299400.0,12.72132334,2.48e-11
KOR,T_RS,2014,13.33979839,345463.4268,25897200.0,13.339798387,1.90e-10
KOR,T_RS,2015,13.61644797,356447.29,26177700.0,13.616447969,6.81e-11
KOR,T_RS,2016,13.68056971,361291.5335,26409100.0,13.680569709,7.85e-11
KOR,T_RS,2017,14.3350102,383100.2805,26724800.0,14.335010197,2.43e-10
KOR,T_RS,2018,15.22514867,408370.4603,26822100.0,15.225148676,3.88e-10
KOR,T_RS,2019,15.87931904,430690.0064,27122700.0,15.879319035,2.93e-10
KOR,T_RS,2020,16.60473805,446738.854,26904300.0,16.604738053,1.82e-10
KOR,T_RS,2021,17.25998487,470728.1152,27272800.0,17.259984864,3.45e-10
KOR,T_RS,2022,17.40083386,488773.7625,28089100.0,17.400833864,2.52e-10
KOR,T_RS,2023,17.25263055,490255.9256,28416300.0,17.252630554,2.08e-10
KOR,T_RS,2024,17.6145953,503345.868,28575500.0,17.6145953,9.64e-12
KOR,T_TT,1995,7.450812688,152247.0,20433609.91,7.450812689,1.37e-10
KOR,T_TT,1996,6.50123833,135703.0,20873407.97,6.501238331,2.04e-10
KOR,T_TT,1997,6.430237747,136559.0,21237006.369999997,6.430237747,4.65e-11
KOR,T_TT,1998,6.44866497,128669.0,19952812.03,6.44866497,7.11e-11
KOR,T_TT,1999,6.788341393,137874.0,20310410.46,6.788341391,2.50e-10
KOR,T_TT,2000,6.52140031,138077.0,21172906.650000002,6.52140031,6.58e-11
KOR,T_TT,2001,7.667055177,165715.0,21613904.709999997,7.667055177,1.20e-11
KOR,T_TT,2002,7.748774717,172270.0,22231901.98,7.748774718,1.54e-10
KOR,T_TT,2003,8.379795742,186215.0,22221902.03,8.379795742,5.44e-11
KOR,T_TT,2004,8.555477861,194054.4933,22681900.0,8.555477861,2.36e-11
KOR,T_TT,2005,9.432138785,215345.1606,22831000.0,9.432138785,1.56e-12
KOR,T_TT,2006,10.24661252,237599.4759,23188100.0,10.246612525,5.26e-10
KOR,T_TT,2007,11.43449194,269409.2081,23561100.0,11.434491942,1.95e-10
KOR,T_TT,2008,12.38452686,294439.6492,23774800.0,12.38452686,3.01e-11
KOR,T_TT,2009,13.0474477,309062.7221,23687600.0,13.047447698,1.25e-10
KOR,T_TT,2010,13.94878491,335228.3581,24032800.0,13.948784915,3.43e-10
KOR,T_TT,2011,14.73402957,361374.1763,24526500.0,14.734029572,1.42e-10
KOR,T_TT,2012,15.86828958,395989.9928,24954800.0,15.86828958,2.77e-11
KOR,T_TT,2013,15.86771664,401443.7103,25299400.0,15.867716638,1.54e-10
KOR,T_TT,2014,16.63763021,430868.0371,25897200.0,16.637630211,5.94e-11
KOR,T_TT,2015,16.88563367,442027.0526,26177700.0,16.885633673,1.74e-10
KOR,T_TT,2016,16.9414407,447408.2016,26409100.0,16.9414407,2.15e-11
KOR,T_TT,2017,17.63160769,471201.1891,26724800.0,17.631607686,1.99e-10
KOR,T_TT,2018,18.68513382,501174.5277,26822100.0,18.685133815,2.66e-10
KOR,T_TT,2019,19.38136373,525674.9141,27122700.0,19.381363732,1.15e-10
KOR,T_TT,2020,20.27314693,545434.8268,26904300.0,20.273146924,2.73e-10
KOR,T_TT,2021,21.16025318,577099.353,27272800.0,21.160253183,1.26e-10
KOR,T_TT,2022,21.43876534,602195.6234,28089100.0,21.438765336,1.86e-10
KOR,T_TT,2023,21.49556371,610824.387,28416300.0,21.495563708,8.59e-11
KOR,T_TT,2024,21.86362304,624763.9603,28575500.0,21.863623044,1.93e-10
LTU,T_RS,1996,5.031039886,7532.0,1497106.0,5.031039886,5.71e-11
LTU,T_RS,1997,5.17859514,7800.0,1506200.0,5.17859514,1.69e-11
LTU,T_RS,1998,5.644972956,8436.0,1494427.0,5.644972956,3.36e-11
LTU,T_RS,1999,5.842559478,8539.0,1461517.0,5.842559478,7.12e-11
LTU,T_RS,2000,5.554135142,7777.0,1400218.0,5.554135142,3.36e-11
LTU,T_RS,2001,5.988952145,8075.0,1348316.0,5.988952145,4.18e-11
LTU,T_RS,2002,4.529153472,6326.0,1396729.0,4.529153472,3.27e-11
LTU,T_RS,2003,4.623084912,6606.0,1428916.0,4.623084912,1.75e-11
LTU,T_RS,2004,5.205134374,7356.0,1413220.0,5.205134374,3.30e-12
LTU,T_RS,2005,5.363193618,7637.0,1423965.0,5.363193618,3.34e-11
LTU,T_RS,2006,5.619599586,7980.0,1420030.0,5.619599586,1.35e-11
LTU,T_RS,2007,5.84349348,8467.0,1448962.0,5.84349348,2.74e-11
LTU,T_RS,2008,5.897215169,8433.0,1429997.0,5.897215169,2.90e-12
LTU,T_RS,2009,6.428467587,8490.0,1320688.0,6.428467587,6.36e-11
LTU,T_RS,2010,6.876361438,8599.0,1250516.0,6.876361438,2.33e-13
LTU,T_RS,2011,6.672658008,8390.0,1257370.0,6.672658008,5.73e-11
LTU,T_RS,2012,6.26214691,8023.0,1281190.0,6.26214691,4.70e-11
LTU,T_RS,2013,6.588683511,8557.0,1298742.0,6.588683511,5.18e-11
LTU,T_RS,2014,6.847847248,9075.0,1325234.0,6.847847248,1.59e-11
LTU,T_RS,2015,6.077229254,8167.0,1343869.0,6.077229254,4.21e-11
LTU,T_RS,2016,6.203403347,8525.3,1374294.0,6.203403347,7.48e-11
LTU,T_RS,2017,6.406364516,8741.1,1364440.0,6.406364516,2.41e-11
LTU,T_RS,2018,6.461685502,8937.7,1383184.0,6.461685502,6.73e-11
LTU,T_RS,2019,6.925741278,9629.8,1390436.0,6.925741278,3.98e-11
LTU,T_RS,2020,7.438833385,10182.9,1368884.0,7.438833385,5.97e-11
LTU,T_RS,2021,7.959289349,11036.47,1386615.0,7.959289349,6.01e-11
LTU,T_RS,2022,7.96915644,11598.9,1455474.0,7.96915644,3.04e-11
LTU,T_RS,2023,7.128726151,10524.06,1476289.0,7.128726151,6.97e-11
LTU,T_RS,2024,7.129235492,10682.09,1498350.0,7.129235492,5.26e-11
LTU,T_TT,1996,8.395531111,12569.0,1497106.0,8.395531111,4.26e-11
LTU,T_TT,1997,8.080600186,12171.0,1506200.0,8.080600186,1.26e-11
LTU,T_TT,1998,8.596605923,12847.0,1494427.0,8.596605923,2.40e-11
LTU,T_TT,1999,8.753918018,12794.0,1461517.0,8.753918018,6.78e-12
LTU,T_TT,2000,8.420831613,11791.0,1400218.0,8.420831613,4.31e-11
LTU,T_TT,2001,8.862165842,11949.0,1348316.0,8.862165842,4.84e-11
LTU,T_TT,2002,6.823800465,9531.0,1396729.0,6.823800465,3.37e-11
LTU,T_TT,2003,6.751971424,9648.0,1428916.0,6.751971424,7.29e-11
LTU,T_TT,2004,7.470174495,10557.0,1413220.0,7.470174495,1.67e-11
LTU,T_TT,2005,7.726313498,11002.0,1423965.0,7.726313498,1.63e-11
LTU,T_TT,2006,8.014619409,11381.0,1420030.0,8.014619409,5.60e-11
LTU,T_TT,2007,8.613062316,12480.0,1448962.0,8.613062316,3.88e-11
LTU,T_TT,2008,8.744074288,12504.0,1429997.0,8.744074288,3.06e-11
LTU,T_TT,2009,9.037713677,11936.0,1320688.0,9.037713677,5.44e-11
LTU,T_TT,2010,9.847934773,12315.0,1250516.0,9.847934773,4.81e-11
LTU,T_TT,2011,8.886008096,11173.0,1257370.0,8.886008096,2.98e-11
LTU,T_TT,2012,8.129941695,10416.0,1281190.0,8.129941695,2.08e-11
LTU,T_TT,2013,8.531332628,11080.0,1298742.0,8.531332628,4.15e-12
LTU,T_TT,2014,8.897296628,11791.0,1325234.0,8.897296628,4.15e-11
LTU,T_TT,2015,7.892882416,10607.0,1343869.0,7.892882416,4.64e-11
LTU,T_TT,2016,7.948663095,10923.8,1374294.0,7.948663095,4.76e-11
LTU,T_TT,2017,8.484872915,11577.1,1364440.0,8.484872915,1.23e-11
LTU,T_TT,2018,8.643680089,11955.8,1383184.0,8.643680089,1.87e-11
LTU,T_TT,2019,9.348003072,12997.8,1390436.0,9.348003072,4.47e-11
LTU,T_TT,2020,10.40657937,14245.4,1368884.0,10.406579374,3.99e-10
LTU,T_TT,2021,10.75819892,14917.48,1386615.0,10.758198923,3.05e-10
LTU,T_TT,2022,10.76948128,15674.7,1455474.0,10.769481282,2.22e-10
LTU,T_TT,2023,9.771785877,14425.98,1476289.0,9.771785877,3.95e-11
LTU,T_TT,2024,9.853438783,14763.9,1498350.0,9.853438783,3.44e-11
LUX,T_RS,2000,6.234490493,1645.6,263951.0,6.234490493,7.16e-11
LUX,T_RS,2003,6.662405097,1949.0,292537.0,6.662405097,7.13e-11
LUX,T_RS,2004,6.785052037,2030.8,299305.0,6.785052037,3.24e-11
LUX,T_RS,2005,7.241734765,2227.0,307523.0,7.241734765,6.16e-11
LUX,T_RS,2006,6.433992226,2054.2,319273.0,6.433992226,1.38e-11
LUX,T_RS,2007,6.603351788,2200.6,333255.0,6.603351788,5.00e-11
LUX,T_RS,2008,6.55363865,2287.6,349058.0,6.55363865,4.73e-11
LUX,T_RS,2009,6.797950743,2396.4,352518.0,6.797950743,8.71e-12
LUX,T_RS,2010,7.278449986,2613.08,359016.0,7.278449986,6.65e-11
LUX,T_RS,2011,7.658862424,2830.93,369628.0,7.658862424,2.06e-11
LUX,T_RS,2012,6.101479167,2310.38,378659.0,6.101479167,4.46e-11
LUX,T_RS,2013,6.493497398,2503.49,385538.0,6.493497398,6.79e-11
LUX,T_RS,2014,6.653674833,2629.0,395120.0,6.653674833,5.69e-12
LUX,T_RS,2015,6.440150134,2609.8,405239.0,6.440150134,5.83e-11
LUX,T_RS,2016,6.626987929,2766.9,417520.0,6.626987929,4.20e-11
LUX,T_RS,2017,6.793387091,2936.0,432185.0,6.793387091,2.59e-11
LUX,T_RS,2018,6.40031474,2863.2,447353.0,6.40031474,4.08e-11
LUX,T_RS,2019,6.746869375,3126.0,463326.0,6.746869375,1.32e-11
LUX,T_RS,2020,6.534798752,3081.7,471583.0,6.534798752,4.40e-11
LUX,T_RS,2021,6.464013918,3135.9,485132.0,6.464013918,2.14e-11
LUX,T_RS,2022,6.841523557,3429.3,501248.0,6.841523557,2.94e-11
LUX,T_RS,2023,6.932229594,3542.3,510990.0,6.932229594,6.72e-11
LUX,T_RS,2024,6.748690957,3482.5,516025.99999999994,6.748690957,6.41e-11
LUX,T_TT,2000,13.8771969,3662.9,263951.0,13.877196904,2.86e-10
LUX,T_TT,2003,13.70766775,4010.0,292537.0,13.707667748,1.45e-10
LUX,T_TT,2004,14.42541889,4317.6,299305.0,14.425418887,2.02e-10
LUX,T_TT,2005,14.28088306,4391.7,307523.0,14.280883056,2.87e-10
LUX,T_TT,2006,13.70770469,4376.5,319273.0,13.707704692,1.16e-10
LUX,T_TT,2007,13.81674694,4604.5,333255.0,13.816746936,3.24e-10
LUX,T_TT,2008,13.32586562,4651.5,349058.0,13.325865615,3.41e-10
LUX,T_TT,2009,13.36414027,4711.1,352518.0,13.364140271,6.37e-11
LUX,T_TT,2010,13.84855744,4971.853699,359016.0,13.848557443,2.25e-10
LUX,T_TT,2011,14.04339772,5190.833014,369628.0,14.043397724,2.99e-10
LUX,T_TT,2012,12.52646262,4743.257808,378659.0,12.526462617,2.59e-10
LUX,T_TT,2013,12.90297844,4974.5885,385538.0,12.902978435,3.62e-10
LUX,T_TT,2014,13.26837416,5242.6,395120.0,13.268374165,3.63e-10
LUX,T_TT,2015,12.97999452,5260.0,405239.0,12.979994522,1.35e-10
LUX,T_TT,2016,12.94117647,5403.2,417520.0,12.941176471,4.55e-11
LUX,T_TT,2017,12.83015375,5545.0,432185.0,12.830153754,2.81e-10
LUX,T_TT,2018,12.22211542,5467.6,447353.0,12.222115421,9.45e-11
LUX,T_TT,2019,12.49660067,5790.0,463326.0,12.496600666,3.50e-10
LUX,T_TT,2020,12.26168034,5782.4,471583.0,12.26168034,3.84e-11
LUX,T_TT,2021,11.72649918,5688.9,485132.0,11.72649918,3.37e-11
LUX,T_TT,2022,12.34698193,6188.9,501248.0,12.346981933,2.51e-10
LUX,T_TT,2023,11.90258126,6082.1,510990.0,11.902581264,3.21e-10
LUX,T_TT,2024,11.54534849,5957.7,516025.99999999994,11.54534849,1.67e-11
LVA,T_RS,1995,3.302551092,3072.0,930190.0,3.302551092,8.71e-11
LVA,T_RS,1996,3.03521123,2839.0,935355.0,3.03521123,1.29e-11
LVA,T_RS,1997,2.6714596,2610.0,976994.0,2.6714596,1.70e-10
LVA,T_RS,1998,2.626931545,2557.0,973379.0,2.626931545,1.33e-10
LVA,T_RS,1999,2.747100428,2626.0,955917.0,2.747100428,6.38e-11
LVA,T_RS,2000,4.129099869,3814.0,923688.0,4.129099869,5.33e-11
LVA,T_RS,2001,3.725376772,3497.0,938697.0,3.725376772,7.26e-11
LVA,T_RS,2002,3.623778117,3451.0,952321.0,3.623778117,4.62e-11
LVA,T_RS,2003,3.342443396,3203.0,958281.0,3.342443396,1.18e-11
LVA,T_RS,2004,3.460268847,3324.0,960619.0,3.460268847,1.40e-10
LVA,T_RS,2005,3.386472682,3282.0,969150.0,3.386472682,7.30e-11
LVA,T_RS,2006,3.839230398,3935.0,1024944.9999999999,3.839230398,7.07e-11
LVA,T_RS,2007,3.906683182,4157.0,1064074.0,3.906683182,4.89e-11
LVA,T_RS,2008,4.141913128,4370.0,1055068.0,4.141913128,3.04e-11
LVA,T_RS,2009,4.006758708,3621.0,903723.0,4.006758708,3.59e-11
LVA,T_RS,2010,4.618822651,3896.0,843505.0,4.618822651,5.95e-11
LVA,T_RS,2011,4.609775012,3947.0,856224.0,4.609775012,3.17e-11
LVA,T_RS,2012,4.494418241,3904.0,868633.0,4.494418241,1.68e-11
LVA,T_RS,2013,4.079303919,3625.0,888632.0,4.079303919,4.11e-11
LVA,T_RS,2014,4.275454238,3748.0,876632.0,4.275454238,1.16e-10
LVA,T_RS,2015,4.064116985,3613.0,889000.0,4.064116985,9.27e-11
LVA,T_RS,2016,3.556365918,3152.0,886298.0,3.556365918,1.24e-10
LVA,T_RS,2017,3.930084674,3482.0,885986.0,3.930084674,6.16e-12
LVA,T_RS,2018,3.823516396,3456.0,903880.0,3.823516396,4.77e-12
LVA,T_RS,2019,3.938446591,3632.0,922191.0,3.938446591,5.53e-11
LVA,T_RS,2020,4.445754588,4072.0,915930.0,4.445754588,5.23e-11
LVA,T_RS,2021,5.017073753,4537.0,904312.0,5.017073753,6.11e-11
LVA,T_RS,2022,4.702737543,4261.0,906068.0,4.702737543,2.60e-11
LVA,T_RS,2023,4.478557146,4130.0,922172.0,4.478557146,1.07e-10
LVA,T_RS,2024,4.777918139,4342.0,908764.0,4.777918139,7.60e-11
LVA,T_TT,1995,5.631107623,5238.0,930190.0,5.631107623,3.09e-11
LVA,T_TT,1996,5.071871108,4744.0,935355.0,5.071871108,4.71e-11
LVA,T_TT,1997,4.541481319,4437.0,976994.0,4.541481319,5.07e-11
LVA,T_TT,1998,4.558347776,4437.0,973379.0,4.558347776,3.27e-11
LVA,T_TT,1999,4.499344608,4301.0,955917.0,4.499344608,8.24e-11
LVA,T_TT,2000,5.899178077,5449.0,923688.0,5.899178077,7.56e-11
LVA,T_TT,2001,5.833618303,5476.0,938697.0,5.833618303,3.13e-11
LVA,T_TT,2002,5.559049942,5294.0,952321.0,5.559049942,3.49e-11
LVA,T_TT,2003,5.06949423,4858.0,958281.0,5.06949423,4.50e-11
LVA,T_TT,2004,5.312199738,5103.0,960619.0,5.312199738,2.31e-11
LVA,T_TT,2005,5.657534953,5483.0,969150.0,5.657534953,5.47e-11
LVA,T_TT,2006,6.260823752,6417.0,1024944.9999999999,6.260823752,7.69e-11
LVA,T_TT,2007,5.820083942,6193.0,1064074.0,5.820083942,8.07e-11
LVA,T_TT,2008,6.192017955,6533.0,1055068.0,6.192017955,3.89e-11
LVA,T_TT,2009,6.069337618,5485.0,903723.0,6.069337618,2.77e-11
LVA,T_TT,2010,6.595100207,5563.0,843505.0,6.595100207,1.90e-11
LVA,T_TT,2011,6.344134245,5432.0,856224.0,6.344134245,3.85e-11
LVA,T_TT,2012,6.438852772,5593.0,868633.0,6.438852772,1.78e-11
LVA,T_TT,2013,6.072254882,5396.0,888632.0,6.072254882,5.59e-11
LVA,T_TT,2014,6.546646712,5739.0,876632.0,6.546646712,7.56e-11
LVA,T_TT,2015,6.265466817,5570.0,889000.0,6.265466817,5.62e-11
LVA,T_TT,2016,5.776838039,5120.0,886298.0,5.776838039,5.66e-11
LVA,T_TT,2017,6.070073342,5378.0,885986.0,6.070073342,2.75e-12
LVA,T_TT,2018,6.423419038,5806.0,903880.0,6.423419038,1.16e-11
LVA,T_TT,2019,6.423831939,5924.0,922191.0,6.423831939,5.77e-11
LVA,T_TT,2020,7.161027589,6559.0,915930.0,7.161027589,6.21e-11
LVA,T_TT,2021,7.813674926,7066.0,904312.0,7.813674926,4.52e-11
LVA,T_TT,2022,7.61973715,6904.0,906068.0,7.61973715,3.79e-12
LVA,T_TT,2023,7.030141882,6483.0,922172.0,7.030141882,6.05e-11
LVA,T_TT,2024,7.691765959,6990.0,908764.0,7.691765959,5.05e-12
MEX,T_RS,1993,0.414262716,14103.0,34043614.029999994,0.414262716,7.46e-10
MEX,T_RS,1994,0.493928516,17061.0,34541435.550000004,0.493928516,1.01e-10
MEX,T_RS,1995,0.587254785,19434.0,33092961.53,0.587254785,4.28e-10
MEX,T_RS,1996,0.57075904,19894.0,34855339.28,0.57075904,6.87e-10
MEX,T_RS,1997,0.587906563,21417.0,36429258.23,0.587906563,6.36e-11
MEX,T_RS,1998,0.544859449,20832.0,38233713.34,0.544859449,7.85e-10
MEX,T_RS,1999,0.55878762,21879.0,39154410.76,0.55878762,4.95e-11
MEX,T_RS,2001,0.586503181,23390.30771,39880956.28,0.586503181,4.08e-10
MEX,T_RS,2002,0.792662902,31132.0,39275207.54000001,0.792662902,4.72e-10
MEX,T_RS,2003,0.856828508,33558.0,39165363.53,0.856828508,3.91e-11
MEX,T_RS,2004,0.983824167,39724.0,40377133.76,0.983824167,3.20e-10
MEX,T_RS,2005,1.075107173,43922.0,40853601.5,1.075107173,3.54e-10
MEX,T_RS,2006,0.859248364,36264.0,42204328.25,0.859248364,6.98e-11
MEX,T_RS,2007,0.879852749,37930.0,43109486.25,0.879852749,3.94e-10
MEX,T_RS,2008,0.859382897,37638.9043,43797595.25,0.859382897,3.30e-10
MEX,T_RS,2009,0.969007845,42972.6064,44347016.0,0.969007845,1.48e-10
MEX,T_RS,2010,0.854289073,38496.85389,45063029.75,0.854289073,5.64e-10
MEX,T_RS,2011,0.86482714,39825.68068,46050452.0,0.86482714,4.74e-10
MEX,T_RS,2012,0.611803402,29094.00459,47554499.5,0.611803402,5.33e-10
MEX,T_RS,2013,0.621692956,29920.62456,48127655.75,0.621692956,2.86e-10
MEX,T_RS,2014,0.647846206,31315.12621,48337284.25,0.647846206,9.39e-12
MEX,T_RS,2015,0.69197422,34281.68006,49541845.75,0.69197422,2.98e-10
MEX,T_RS,2016,0.768602897,38883.28853,50589568.0,0.768602897,1.86e-10
MEX,T_RS,2017,0.761553562,39125.46745,51375857.75,0.761553562,5.19e-10
MEX,T_TT,1993,0.791102848,26932.0,34043614.029999994,0.791102848,5.70e-10
MEX,T_TT,1994,0.883026415,30501.0,34541435.550000004,0.883026415,8.75e-11
MEX,T_TT,1995,1.006165615,33297.0,33092961.53,1.006165615,3.00e-10
MEX,T_TT,1996,0.973147036,33919.37013,34855339.28,0.973147037,6.16e-10
MEX,T_TT,1997,1.01237307,36880.0,36429258.23,1.01237307,2.13e-10
MEX,T_TT,1998,1.024253115,39161.0,38233713.34,1.024253115,3.44e-10
MEX,T_TT,1999,1.014853735,39736.0,39154410.76,1.014853735,3.80e-11
MEX,T_TT,2001,1.089617804,43455.0,39880956.28,1.089617804,7.44e-11
MEX,T_TT,2003,1.528774269,59875.0,39165363.53,1.528774269,1.16e-11
MEX,T_TT,2004,1.860260821,75112.0,40377133.76,1.860260821,2.66e-11
MEX,T_TT,2005,2.048411815,83685.0,40853601.5,2.048411815,2.51e-11
MEX,T_TT,2006,1.586732991,66967.0,42204328.25,1.586732991,4.08e-11
MEX,T_TT,2007,1.630569188,70293.0,43109486.25,1.630569188,1.46e-10
MEX,T_TT,2010,1.575508245,70997.17491,45063029.75,1.575508245,8.18e-11
MEX,T_TT,2011,1.594688692,73436.13505,46050452.0,1.594688692,2.16e-10
MEX,T_TT,2012,1.237514955,58849.4043,47554499.5,1.237514955,1.49e-10
MEX,T_TT,2013,1.22742515,59073.0951,48127655.75,1.22742515,3.71e-10
MEX,T_TT,2014,1.080687017,52237.47555,48337284.25,1.080687017,4.59e-10
MEX,T_TT,2015,1.150873884,57016.41644,49541845.75,1.150873884,2.05e-11
MEX,T_TT,2016,1.301210034,65827.6535,50589568.0,1.301210034,4.06e-11
MEX,T_TT,2017,1.273202457,65411.86829,51375857.75,1.273202456,4.25e-10
NLD,T_RS,1981,3.221539257,19436.0,6033140.822000001,3.221539257,5.57e-11
NLD,T_RS,1983,3.741835572,22040.0,5890157.271,3.741835572,5.91e-11
NLD,T_RS,1985,3.992021277,24150.0,6049566.954,3.992021277,1.24e-10
NLD,T_RS,1987,4.031804229,25500.0,6324711.853,4.03180423,1.52e-10
NLD,T_RS,1989,4.035125524,26680.0,6611938.052,4.035125524,1.22e-10
NLD,T_RS,1993,4.551939806,32190.0,7071710.386,4.551939806,7.88e-11
NLD,T_RS,1994,4.799769881,34178.0,7120758.046,4.799769881,2.69e-11
NLD,T_RS,1995,4.757588243,34640.0,7281000.0,4.757588243,7.84e-11
NLD,T_RS,1996,4.780064568,35535.0,7434000.0,4.780064568,4.19e-11
NLD,T_RS,1997,4.967106122,38053.0,7661000.0,4.967106122,1.69e-11
NLD,T_RS,1998,4.984821429,39081.0,7840000.0,4.984821429,8.60e-11
NLD,T_RS,1999,5.182618398,41803.0,8066000.0,5.182618398,4.14e-11
NLD,T_RS,2000,5.136839542,42194.0,8214000.0,5.136839542,4.77e-11
NLD,T_RS,2001,5.44335681,45599.0,8377000.0,5.44335681,5.77e-11
NLD,T_RS,2002,5.200924609,43875.0,8436000.0,5.200924609,3.47e-11
NLD,T_RS,2003,5.22234144,43805.0,8388000.0,5.22234144,2.92e-11
NLD,T_RS,2004,5.836488605,48402.0,8293000.0,5.836488605,2.61e-11
NLD,T_RS,2005,5.733764678,47854.0,8346000.0,5.733764678,5.41e-11
NLD,T_RS,2006,6.233141785,53150.0,8527000.0,6.233141785,1.31e-11
NLD,T_RS,2007,5.817135696,51057.0,8777000.0,5.817135696,7.43e-11
NLD,T_RS,2008,5.687521023,50727.0,8919000.0,5.687521023,8.16e-11
NLD,T_RS,2009,5.31199095,46958.0,8840000.0,5.31199095,4.26e-11
NLD,T_RS,2010,6.117211528,53703.0,8779000.0,6.117211528,8.03e-11
NLD,T_RS,2011,6.930493117,61334.86409,8850000.0,6.930493118,7.42e-11
NLD,T_RS,2012,8.296715113,73235.1043,8827000.0,8.296715113,3.35e-11
NLD,T_RS,2013,9.496157816,82797.0,8719000.0,9.496157816,2.77e-11
NLD,T_RS,2014,9.615207903,83710.0,8706000.0,9.615207903,4.20e-11
NLD,T_RS,2015,9.513217867,83488.0,8776000.0,9.513217867,9.49e-12
NLD,T_RS,2016,9.834100348,87612.0,8909000.0,9.834100348,3.79e-12
NLD,T_RS,2017,9.984971479,91023.0,9116000.0,9.984971479,2.82e-11
NLD,T_RS,2018,10.19923085,95475.0,9361000.0,10.199230851,1.38e-10
NLD,T_RS,2019,10.2071451,97713.0,9573000.0,10.207145096,4.33e-10
NLD,T_RS,2020,10.71787064,102077.0,9524000.0,10.717870643,2.41e-10
NLD,T_RS,2021,10.94932921,106099.0,9690000.0,10.949329205,4.23e-10
NLD,T_RS,2022,11.2414,112414.0,10000000.0,11.2414,0.00e+00
NLD,T_RS,2023,11.6336809,118268.0,10166000.0,11.633680897,2.49e-10
NLD,T_RS,2024,11.75306838,120657.0,10266000.0,11.753068381,9.05e-11
NLD,T_TT,1981,9.029956636,54479.0,6033140.822000001,9.029956636,2.83e-11
NLD,T_TT,1982,9.66713312,57450.0,5942816.685,9.66713312,2.88e-11
NLD,T_TT,1983,9.784119056,57630.0,5890157.271,9.784119056,3.42e-11
NLD,T_TT,1984,9.834342298,58400.0,5938373.735,9.834342297,5.90e-11
NLD,T_TT,1985,10.14948681,61400.0,6049566.954,10.149486809,9.50e-11
NLD,T_TT,1986,10.14670597,62830.0,6192157.352999999,10.146705973,3.05e-10
NLD,T_TT,1987,10.04314528,63520.0,6324711.853,10.043145281,9.73e-11
NLD,T_TT,1988,10.00456438,64420.0,6439060.966,10.004564383,2.94e-10
NLD,T_TT,1989,10.05151583,66460.0,6611938.052,10.051515831,5.03e-11
NLD,T_TT,1990,10.85174655,73940.0,6813649.732,10.851746554,3.77e-10
NLD,T_TT,1991,10.41842994,72350.0,6944424.488,10.41842994,2.55e-11
NLD,T_TT,1992,10.26823623,72310.0,7042105.227,10.268236226,3.78e-10
NLD,T_TT,1993,10.52220693,74410.0,7071710.386,10.522206926,4.10e-10
NLD,T_TT,1994,11.08266837,78917.0,7120758.046,11.082668375,4.20e-10
NLD,T_TT,1995,10.9372339,79634.0,7281000.0,10.937233896,3.25e-10
NLD,T_TT,1996,10.87193974,80822.0,7434000.0,10.871939736,3.36e-10
NLD,T_TT,1997,10.96057956,83969.0,7661000.0,10.960579559,1.09e-10
NLD,T_TT,1998,10.90369898,85485.0,7840000.0,10.90369898,3.74e-11
NLD,T_TT,1999,11.11691049,89669.0,8066000.0,11.116910488,1.38e-10
NLD,T_TT,2000,11.11675189,91313.0,8214000.0,11.116751887,2.68e-10
NLD,T_TT,2001,11.09036648,92904.0,8377000.0,11.09036648,3.19e-11
NLD,T_TT,2002,10.85206259,91548.0,8436000.0,10.852062589,1.01e-10
NLD,T_TT,2003,10.74713877,90147.0,8388000.0,10.74713877,3.06e-11
NLD,T_TT,2004,11.54009406,95702.0,8293000.0,11.540094055,4.14e-10
NLD,T_TT,2005,11.21483345,93599.0,8346000.0,11.214833453,2.81e-10
NLD,T_TT,2006,11.47355459,97835.0,8527000.0,11.473554591,1.13e-10
NLD,T_TT,2007,10.68565569,93788.0,8777000.0,10.685655691,9.46e-11
NLD,T_TT,2008,10.47561386,93432.0,8919000.0,10.475613858,1.86e-10
NLD,T_TT,2009,9.940497738,87874.0,8840000.0,9.940497738,4.46e-11
NLD,T_TT,2010,11.45278506,100544.0,8779000.0,11.452785055,4.15e-10
NLD,T_TT,2011,13.26955016,117435.5189,8850000.0,13.269550158,1.36e-10
NLD,T_TT,2012,13.84559689,122215.0838,8827000.0,13.845596896,4.25e-10
NLD,T_TT,2013,15.54708109,135555.0,8719000.0,15.547081087,1.75e-10
NLD,T_TT,2014,15.64139674,136174.0,8706000.0,15.641396738,1.35e-10
NLD,T_TT,2015,15.88217867,139382.0,8776000.0,15.882178669,5.68e-11
NLD,T_TT,2016,16.21753283,144482.0,8909000.0,16.217532832,1.21e-10
NLD,T_TT,2017,16.49835454,150399.0,9116000.0,16.498354541,8.88e-11
NLD,T_TT,2018,16.75835915,156875.0,9361000.0,16.75835915,2.01e-11
NLD,T_TT,2019,16.75775619,160422.0,9573000.0,16.757756189,4.28e-11
NLD,T_TT,2020,17.47396052,166422.0,9524000.0,17.473960521,4.52e-11
NLD,T_TT,2021,17.92229102,173667.0,9690000.0,17.922291022,9.33e-11
NLD,T_TT,2022,18.3533,183533.0,10000000.0,18.3533,0.00e+00
NLD,T_TT,2023,18.98908125,193043.0,10166000.0,18.989081251,6.48e-11
NLD,T_TT,2024,19.30303916,198165.0,10266000.0,19.303039158,8.36e-11
NOR,T_RS,1981,3.823559408,7498.0,1961000.0,3.823559408,1.22e-10
NOR,T_RS,1982,3.952089704,7754.0,1962000.0,3.952089704,9.70e-11
NOR,T_RS,1983,4.230337079,8283.0,1958000.0,4.230337079,8.23e-11
NOR,T_RS,1984,4.546376077,8970.0,1973000.0,4.546376077,8.81e-12
NOR,T_RS,1985,4.779092702,9692.0,2028000.0,4.779092702,3.55e-11
NOR,T_RS,1987,5.362488307,11465.0,2138000.0,5.362488307,3.19e-11
NOR,T_RS,1989,5.883833495,12156.0,2066000.0,5.883833495,5.51e-11
NOR,T_RS,1991,6.633809759,13460.0,2029000.0,6.633809759,7.51e-11
NOR,T_RS,1993,7.236764706,14763.0,2040000.0,7.236764706,1.63e-11
NOR,T_RS,1995,7.543087121,15931.0,2112000.0,7.543087121,2.81e-11
NOR,T_RS,1997,7.874831157,17490.0,2221000.0,7.874831157,1.73e-11
NOR,T_RS,1999,7.950890917,18295.0,2301000.0,7.950890917,9.29e-13
NOR,T_RS,2001,8.495899871,19685.0,2317000.0,8.495899871,5.62e-11
NOR,T_RS,2003,8.992035011,20546.8,2285000.0,8.992035011,6.57e-12
NOR,T_RS,2004,9.014965096,20662.3,2292000.0,9.014965096,1.55e-12
NOR,T_RS,2005,9.142000862,21200.3,2319000.0,9.142000862,4.82e-11
NOR,T_RS,2006,9.423873122,22579.6,2396000.0,9.423873122,1.38e-11
NOR,T_RS,2007,9.77935743,24350.6,2490000.0,9.77935743,2.87e-11
NOR,T_RS,2008,9.952529183,25578.0,2570000.0,9.952529183,1.21e-11
NOR,T_RS,2009,10.26690113,26273.0,2559000.0,10.266901133,3.17e-10
NOR,T_RS,2010,10.36481191,26451.0,2552000.0,10.364811912,2.15e-10
NOR,T_RS,2011,10.51680185,27228.0,2589000.0,10.516801854,3.80e-10
NOR,T_RS,2012,10.53785011,27841.0,2642000.0,10.537850114,3.37e-10
NOR,T_RS,2013,10.59580838,28312.0,2672000.0,10.595808383,3.05e-10
NOR,T_RS,2014,10.82851852,29237.0,2700000.0,10.828518519,1.37e-10
NOR,T_RS,2015,11.30332103,30632.0,2710000.0,11.303321033,2.84e-10
NOR,T_RS,2016,11.74567538,31913.0,2717000.0,11.745675377,2.34e-10
NOR,T_RS,2017,12.23871907,33632.0,2748000.0,12.238719068,1.30e-10
NOR,T_RS,2018,12.29835244,34337.0,2792000.0,12.298352436,3.63e-10
NOR,T_RS,2019,12.65796897,35898.0,2836000.0,12.65796897,3.01e-11
NOR,T_RS,2020,13.00716332,36316.0,2792000.0,13.007163324,2.91e-10
NOR,T_RS,2021,13.79992918,38971.0,2824000.0,13.799929178,1.11e-10
NOR,T_RS,2022,13.69648344,40117.0,2929000.0,13.696483441,1.06e-10
NOR,T_RS,2023,13.77796496,40893.0,2968000.0,13.77796496,3.13e-11
NOR,T_RS,2024,13.04323056,38921.0,2984000.0,13.043230563,2.30e-10
NOR,T_TT,1981,7.569097399,14843.0,1961000.0,7.569097399,3.78e-11
NOR,T_TT,1982,7.75637105,15218.0,1962000.0,7.75637105,6.57e-12
NOR,T_TT,1983,8.155771195,15969.0,1958000.0,8.155771195,1.19e-11
NOR,T_TT,1984,8.73289407,17230.0,1973000.0,8.73289407,6.38e-12
NOR,T_TT,1985,9.26035503,18780.0,2028000.0,9.26035503,4.47e-11
NOR,T_TT,1987,9.302151543,19888.0,2138000.0,9.302151543,5.36e-11
NOR,T_TT,1989,9.785575992,20217.0,2066000.0,9.785575992,2.61e-11
NOR,T_TT,1991,9.981271562,20252.0,2029000.0,9.981271562,3.47e-11
NOR,T_TT,1993,10.82892157,22091.0,2040000.0,10.828921569,1.27e-10
NOR,T_TT,1995,11.3342803,23938.0,2112000.0,11.334280303,2.67e-10
NOR,T_TT,1997,11.20081045,24877.0,2221000.0,11.200810446,3.80e-10
NOR,T_TT,1999,11.03867884,25400.0,2301000.0,11.038678835,4.27e-10
NOR,T_TT,2001,11.52567976,26705.0,2317000.0,11.525679758,1.47e-10
NOR,T_TT,2002,11.58197499,26858.6,2319000.0,11.581974989,6.74e-11
NOR,T_TT,2003,12.47400438,28503.1,2285000.0,12.474004376,2.91e-10
NOR,T_TT,2004,12.71924084,29152.5,2292000.0,12.719240838,1.81e-10
NOR,T_TT,2005,12.92190599,29965.9,2319000.0,12.921905994,3.07e-10
NOR,T_TT,2006,13.0345576,31230.8,2396000.0,13.034557596,3.07e-10
NOR,T_TT,2007,13.50815261,33635.3,2490000.0,13.50815261,3.27e-11
NOR,T_TT,2008,13.807393,35485.0,2570000.0,13.807392996,2.82e-10
NOR,T_TT,2009,14.10355608,36091.0,2559000.0,14.103556077,2.42e-10
NOR,T_TT,2010,14.15399687,36121.0,2552000.0,14.153996865,3.39e-10
NOR,T_TT,2011,14.27191966,36950.0,2589000.0,14.27191966,7.04e-12
NOR,T_TT,2012,14.27214232,37707.0,2642000.0,14.272142316,2.50e-10
NOR,T_TT,2013,14.42215569,38536.0,2672000.0,14.422155689,9.55e-11
NOR,T_TT,2014,14.92481481,40297.0,2700000.0,14.924814815,3.23e-10
NOR,T_TT,2015,15.64907749,42409.0,2710000.0,15.649077491,4.95e-11
NOR,T_TT,2016,16.16415164,43918.0,2717000.0,16.164151638,1.34e-10
NOR,T_TT,2017,16.82459971,46234.0,2748000.0,16.824599709,6.66e-11
NOR,T_TT,2018,16.69090258,46601.0,2792000.0,16.690902579,7.21e-11
NOR,T_TT,2019,17.18018336,48723.0,2836000.0,17.180183357,1.84e-10
NOR,T_TT,2020,17.53116046,48947.0,2792000.0,17.531160458,8.83e-11
NOR,T_TT,2021,18.38774788,51927.0,2824000.0,18.387747875,2.53e-10
NOR,T_TT,2022,18.28986002,53571.0,2929000.0,18.28986002,2.65e-11
NOR,T_TT,2023,18.39487871,54596.0,2968000.0,18.394878706,2.07e-10
NOR,T_TT,2024,17.57171582,52434.0,2984000.0,17.571715818,1.31e-10
NZL,T_RS,1989,3.175024831,4818.0,1517468.447,3.175024831,1.07e-10
NZL,T_RS,1990,3.296731698,4893.0,1484197.213,3.296731699,3.72e-10
NZL,T_RS,1991,3.166769878,4752.0,1500582.6709999999,3.166769877,4.15e-10
NZL,T_RS,1992,4.046459889,5903.0,1458806.0089999998,4.046459888,2.12e-10
NZL,T_RS,1993,4.20748199,6200.0,1473565.428,4.20748199,9.73e-11
NZL,T_RS,1995,3.790945037,6104.0,1610152.598,3.790945037,3.29e-11
NZL,T_RS,1997,4.955885183,8264.256899,1667564.238,4.955885183,2.36e-11
NZL,T_RS,1999,4.970871803,8768.0,1763875.7040000001,4.970871802,1.15e-10
NZL,T_RS,2001,5.718904833,10328.5,1806027.605,5.718904834,1.19e-10
NZL,T_RS,2003,6.466951031,12363.0,1911720.0580000002,6.466951031,5.38e-12
NZL,T_RS,2005,6.30789834,12986.0,2058688.8530000001,6.307898341,1.22e-10
NZL,T_RS,2007,6.864184554,14600.0,2126982.438,6.864184555,1.68e-10
NZL,T_RS,2009,7.538159004,16100.0,2135800.0,7.538159004,4.62e-11
NZL,T_RS,2011,7.470553188,16300.0,2181900.0,7.470553188,5.50e-11
NZL,T_RS,2013,8.006082834,17900.0,2235800.0,8.006082834,1.44e-11
NZL,T_RS,2015,10.55877011,25000.0,2367700.0,10.558770114,4.22e-10
NZL,T_RS,2017,9.295120062,24000.0,2582000.0,9.295120062,3.50e-12
NZL,T_RS,2019,10.48257272,28000.0,2671100.0,10.482572723,2.72e-10
NZL,T_RS,2021,9.426437532,26000.0,2758200.0,9.426437532,2.93e-11
NZL,T_RS,2023,9.619018173,28000.0,2910900.0,9.619018173,7.65e-12
NZL,T_TT,1989,6.028461427,9148.0,1517468.447,6.028461427,6.24e-11
NZL,T_TT,1990,5.934521316,8808.0,1484197.213,5.934521318,2.62e-10
NZL,T_TT,1991,5.801746329,8706.0,1500582.6709999999,5.801746327,3.26e-10
NZL,T_TT,1992,6.808307575,9932.0,1458806.0089999998,6.808307574,1.54e-10
NZL,T_TT,1993,7.120823955,10493.0,1473565.428,7.120823956,9.89e-11
NZL,T_TT,1995,6.55031083,10547.0,1610152.598,6.55031083,5.99e-11
NZL,T_TT,1997,7.740835229,12908.34,1667564.238,7.740835229,1.01e-11
NZL,T_TT,1999,7.418323168,13085.0,1763875.7040000001,7.418323168,3.48e-11
NZL,T_TT,2001,8.285310787,14963.5,1806027.605,8.285310788,1.79e-10
NZL,T_TT,2003,9.522837783,18205.0,1911720.0580000002,9.522837784,6.36e-11
NZL,T_TT,2005,9.194687176,18929.0,2058688.8530000001,9.194687178,2.09e-10
NZL,T_TT,2007,9.873142167,21000.0,2126982.438,9.873142168,1.39e-10
NZL,T_TT,2009,10.8624403,23200.0,2135800.0,10.862440303,3.13e-10
NZL,T_TT,2011,10.81626106,23600.0,2181900.0,10.816261057,2.89e-10
NZL,T_TT,2013,11.13695322,24900.0,2235800.0,11.136953216,3.73e-10
NZL,T_TT,2015,13.93757655,33000.0,2367700.0,13.937576551,7.77e-11
NZL,T_TT,2017,13.16808675,34000.0,2582000.0,13.168086754,3.38e-10
NZL,T_TT,2019,14.60072629,39000.0,2671100.0,14.600726293,1.74e-10
NZL,T_TT,2021,13.77710101,38000.0,2758200.0,13.777101008,1.52e-10
NZL,T_TT,2023,14.0849909,41000.0,2910900.0,14.084990896,2.64e-10
OECD,T_RS,1991,5.240023831,2521370.078,481175307.4,5.240023832,1.33e-10
OECD,T_RS,1992,5.373848233,2590666.501,482087768.09999996,5.373848234,9.45e-11
OECD,T_RS,1993,5.462799983,2634898.834,482334854.40000004,5.462799982,1.58e-10
OECD,T_RS,1994,5.497759688,2683089.902,488033317.90000004,5.497759689,1.67e-10
OECD,T_RS,1995,5.62399769,2765954.153,491812818.0,5.623997691,2.37e-10
OECD,T_RS,1996,5.847737694,2912186.213,498002195.9,5.847737695,1.17e-10
OECD,T_RS,1997,5.903458393,2986482.749,505886981.8,5.903458394,1.28e-10
OECD,T_RS,1998,6.066307445,3104594.642,511776673.1,6.066307445,6.57e-11
OECD,T_RS,1999,6.214236587,3216974.153,517678094.09999996,6.214236588,1.10e-10
OECD,T_RS,2000,6.26442323,3296794.034,526272557.40000004,6.26442323,3.40e-11
OECD,T_RS,2001,6.4598831,3412571.749,528271440.1999999,6.4598831,7.01e-11
OECD,T_RS,2002,6.560745145,3469526.99,528831240.0,6.560745144,1.02e-10
OECD,T_RS,2003,6.858232433,3644795.543,531448238.09999996,6.858232433,5.14e-13
OECD,T_RS,2004,6.868362606,3692794.344,537652793.8,6.868362606,1.43e-11
OECD,T_RS,2005,7.01367949,3821647.172,544884775.2,7.01367949,6.11e-11
OECD,T_RS,2006,7.093305581,3934605.498,554692794.9,7.093305581,4.96e-11
OECD,T_RS,2007,7.104121799,4004180.322,563641845.6,7.104121799,3.88e-11
OECD,T_RS,2008,7.257984924,4117994.125,567374301.3000001,7.257984924,2.44e-11
OECD,T_RS,2009,7.552035753,4212461.184,557791477.9000001,7.552035753,4.28e-11
OECD,T_RS,2010,7.584006728,4242371.761,559383966.0,7.584006727,1.60e-10
OECD,T_RS,2011,7.746170667,4372453.264,564466425.0,7.746170667,3.63e-11
OECD,T_RS,2012,7.815143568,4454868.43,570030274.0,7.815143569,1.31e-10
OECD,T_RS,2013,7.973423182,4575477.771,573841080.1,7.973423182,3.21e-11
OECD,T_RS,2014,8.128321892,4723405.941,581104686.0,8.128321892,5.13e-11
OECD,T_RS,2015,8.1860681,4822389.181,589097124.8,8.1860681,2.63e-11
OECD,T_RS,2016,8.184579427,4893643.033,597910140.3,8.184579426,1.01e-10
OECD,T_RS,2017,8.417784085,5111081.21,607176563.1999999,8.417784084,9.59e-11
OECD,T_RS,2018,8.735240015,5392418.967,617317779.2,8.735240015,2.99e-11
OECD,T_RS,2019,8.914051414,5569476.536,624797443.6999999,8.914051413,8.57e-11
OECD,T_RS,2020,9.523535345,5744188.488,603157155.4000001,9.523535345,7.23e-12
OECD,T_RS,2021,9.770880219,6060899.934,620302347.1,9.77088022,1.52e-10
OECD,T_RS,2022,9.820852392,6271163.401,638555916.6999999,9.820852391,1.51e-10
OECD,T_RS,2023,9.803711773,6362542.381,648993210.8,9.803711773,4.98e-11
OECD,T_TT,2011,12.12678846,6845164.927,564466425.0,12.126788457,2.55e-10
OECD,T_TT,2012,12.15212183,6927077.334,570030274.0,12.152121826,3.52e-10
OECD,T_TT,2013,12.31914798,7069233.184,573841080.1,12.319147982,1.76e-10
OECD,T_TT,2014,12.50649723,7267584.146,581104686.0,12.50649723,2.77e-11
OECD,T_TT,2015,12.59462286,7419456.116,589097124.8,12.594622862,1.66e-10
OECD,T_TT,2016,12.56020272,7509872.571,597910140.3,12.560202721,6.50e-11
OECD,T_TT,2017,12.93834787,7855861.593,607176563.1999999,12.93834787,2.45e-11
OECD,T_TT,2018,13.43322507,8292568.667,617317779.2,13.433225069,8.52e-11
OECD,T_TT,2019,13.68998799,8553469.5,624797443.6999999,13.689987989,5.09e-11
OECD,T_TT,2022,14.93343828,9535835.369,638555916.6999999,14.933438278,1.43e-10
POL,T_RS,1994,3.274402872,47433.0,14486000.0,3.274402872,7.99e-11
POL,T_RS,1995,3.410113005,50425.0,14786900.0,3.410113005,1.26e-10
POL,T_RS,1996,3.506659271,52474.0,14964100.0,3.506659271,5.39e-11
POL,T_RS,1997,3.663545737,55602.0,15177100.0,3.663545737,9.03e-11
POL,T_RS,1998,3.658820924,56179.0,15354400.0,3.658820924,8.07e-11
POL,T_RS,1999,3.799280982,56433.0,14853600.0,3.799280982,1.02e-10
POL,T_RS,2000,3.800752242,55174.0,14516600.0,3.800752242,6.86e-11
POL,T_RS,2001,3.955533012,56148.0,14194800.0,3.955533012,2.25e-11
POL,T_RS,2002,4.120569797,56725.0,13766300.0,4.120569797,6.27e-11
POL,T_RS,2003,4.30652428,58595.0,13606100.0,4.30652428,1.04e-10
POL,T_RS,2004,4.428973206,60944.0,13760300.0,4.428973206,1.07e-10
POL,T_RS,2005,4.422152664,62162.2,14057000.0,4.422152664,3.46e-11
POL,T_RS,2006,4.107357331,59572.7,14503900.0,4.107357331,1.16e-10
POL,T_RS,2007,4.050917464,61395.3,15155900.0,4.050917464,1.20e-10
POL,T_RS,2008,3.928654517,61805.2,15731900.0,3.928654517,6.48e-11
POL,T_RS,2009,3.870001393,61105.0,15789400.0,3.870001393,8.78e-11
POL,T_RS,2010,4.197126927,64511.1,15370300.0,4.197126927,9.41e-11
POL,T_RS,2011,4.149029908,64132.8,15457300.0,4.149029908,4.79e-11
POL,T_RS,2012,4.329643487,67000.8,15474900.0,4.329643487,4.51e-11
POL,T_RS,2013,4.621910527,71472.3,15463800.0,4.621910527,1.04e-10
POL,T_RS,2014,4.997895874,78621.9,15731000.0,4.997895874,7.77e-11
POL,T_RS,2015,5.171822167,82594.0,15970000.0,5.171822167,8.46e-11
POL,T_RS,2016,5.476188997,88165.0,16099700.0,5.476188997,5.67e-11
POL,T_RS,2017,7.02329145,114585.0,16315000.0,7.02329145,5.89e-11
POL,T_RS,2018,7.180605595,117788.5,16403700.0,7.180605595,1.10e-11
POL,T_RS,2019,7.189756472,120780.0,16798900.0,7.189756472,2.09e-11
POL,T_RS,2020,7.402592696,124599.7,16831900.0,7.402592696,1.59e-12
POL,T_RS,2021,7.833099466,135649.7,17317500.0,7.833099466,1.81e-11
POL,T_RS,2022,8.065480813,141242.7,17512000.0,8.065480813,1.94e-11
POL,T_RS,2023,8.137624152,142643.6,17528900.0,8.137624152,1.41e-11
POL,T_RS,2024,8.244758898,143623.7,17420000.0,8.244758898,2.20e-11
POL,T_TT,1994,5.470661328,79248.0,14486000.0,5.470661328,3.27e-11
POL,T_TT,1995,5.652976621,83590.0,14786900.0,5.652976621,3.51e-11
POL,T_TT,1996,5.569863874,83348.0,14964100.0,5.569863874,3.69e-11
POL,T_TT,1997,5.521674101,83803.0,15177100.0,5.521674101,2.04e-11
POL,T_TT,1998,5.503959777,84510.0,15354400.0,5.503959777,3.69e-13
POL,T_TT,1999,5.545322346,82368.0,14853600.0,5.545322346,1.77e-11
POL,T_TT,2000,5.436879159,78925.0,14516600.0,5.436879159,5.84e-12
POL,T_TT,2001,5.440865669,77232.0,14194800.0,5.440865669,2.17e-11
POL,T_TT,2002,5.536273363,76214.0,13766300.0,5.536273363,3.85e-11
POL,T_TT,2003,5.662166234,77040.0,13606100.0,5.662166234,4.64e-11
POL,T_TT,2004,5.694788631,78362.0,13760300.0,5.694788631,1.09e-11
POL,T_TT,2005,5.460695739,76761.0,14057000.0,5.460695739,4.07e-11
POL,T_TT,2006,5.071346328,73554.3,14503900.0,5.071346328,9.08e-11
POL,T_TT,2007,4.968962582,75309.1,15155900.0,4.968962582,4.60e-11
POL,T_TT,2008,4.741690451,74595.8,15731900.0,4.741690451,8.16e-11
POL,T_TT,2009,4.660132747,73580.7,15789400.0,4.660132747,6.14e-11
POL,T_TT,2010,5.324717149,81842.5,15370300.0,5.324717149,5.77e-11
POL,T_TT,2011,5.513168535,85218.7,15457300.0,5.513168535,4.63e-11
POL,T_TT,2012,5.862105733,90715.5,15474900.0,5.862105733,8.38e-11
POL,T_TT,2013,6.062597809,93750.8,15463800.0,6.062597809,1.26e-11
POL,T_TT,2014,6.633983854,104359.2,15731000.0,6.633983854,6.97e-11
POL,T_TT,2015,6.840889167,109249.0,15970000.0,6.840889167,2.76e-11
POL,T_TT,2016,6.943545532,111789.0,16099700.0,6.943545532,1.38e-11
POL,T_TT,2017,8.832546736,144103.0,16315000.0,8.832546736,1.50e-11
POL,T_TT,2018,9.875400062,161993.1,16403700.0,9.875400062,1.83e-11
POL,T_TT,2019,9.762901142,164006.0,16798900.0,9.762901142,3.45e-11
POL,T_TT,2020,10.30136824,173391.6,16831900.0,10.301368235,4.55e-10
POL,T_TT,2021,10.70093258,185313.4,17317500.0,10.700932583,2.47e-10
POL,T_TT,2022,11.14068068,195095.6,17512000.0,11.140680676,3.49e-10
POL,T_TT,2023,11.4021302,199866.8,17528900.0,11.402130196,3.14e-10
POL,T_TT,2024,11.37883467,198219.3,17420000.0,11.378834673,2.45e-10
PRT,T_RS,1982,0.878095911,3962.5,4512605.0,0.878095911,3.89e-10
PRT,T_RS,1983,0.943445503,4208.5,4460777.0,0.943445503,1.27e-10
PRT,T_RS,1984,1.014015933,4454.5,4392929.0,1.014015933,3.28e-10
PRT,T_RS,1985,1.158600308,5088.7,4392110.0,1.158600308,2.42e-10
PRT,T_RS,1986,1.339300027,5722.9,4273053.0,1.339300027,3.02e-10
PRT,T_RS,1987,1.405122623,6141.85,4371042.0,1.405122623,4.61e-11
PRT,T_RS,1988,1.468601941,6560.8,4467378.0,1.468601941,3.02e-10
PRT,T_RS,1989,1.57034853,7148.55,4552206.0,1.57034853,5.00e-11
PRT,T_RS,1990,1.670843975,7736.3,4630175.0,1.670843975,2.51e-10
PRT,T_RS,1991,1.805553659,8593.65,4759565.0,1.805553659,1.16e-10
PRT,T_RS,1992,2.0186814,9451.0,4681769.0,2.0186814,6.38e-11
PRT,T_RS,1993,2.151085135,9864.917298,4586019.0,2.151085135,1.75e-10
PRT,T_RS,1994,2.276437717,10330.98428,4538224.0,2.276437717,1.74e-10
PRT,T_RS,1995,2.561104212,11599.2,4528984.0,2.561104212,1.31e-10
PRT,T_RS,1996,2.7407384,12620.755,4604874.0,2.7407384,8.23e-11
PRT,T_RS,1997,2.88692411,13642.31,4725552.0,2.88692411,1.36e-10
PRT,T_RS,1998,3.025217307,14696.90501,4858132.0,3.025217308,2.66e-10
PRT,T_RS,1999,3.19293203,15751.50001,4933240.0,3.19293203,1.47e-10
PRT,T_RS,2000,3.319866911,16738.30751,5041861.0,3.319866912,3.73e-10
PRT,T_RS,2001,3.455126146,17725.115,5130092.0,3.455126146,3.30e-11
PRT,T_RS,2002,3.686175627,18983.5575,5149933.0,3.686175626,2.78e-10
PRT,T_RS,2003,3.968870971,20242.00001,5100191.0,3.968870972,1.75e-10
PRT,T_RS,2004,4.084394544,20684.1255,5064184.0,4.084394544,2.84e-11
PRT,T_RS,2005,4.190919028,21126.25099,5040959.0,4.190919028,1.17e-10
PRT,T_RS,2006,4.87092123,24651.0699,5060864.0,4.87092123,1.04e-11
PRT,T_RS,2007,5.566620357,28175.8887,5061579.0,5.566620357,1.29e-12
PRT,T_RS,2008,7.95412411,40407.9527,5080126.0,7.95412411,3.87e-11
PRT,T_RS,2009,8.060841358,39834.14689,4941686.0,8.060841359,7.41e-11
PRT,T_RS,2010,8.524046144,41523.39908,4871325.0,8.524046144,5.83e-11
PRT,T_RS,2011,9.218425804,44056.0,4779124.0,9.218425804,4.80e-11
PRT,T_RS,2012,9.268311087,42498.2,4585323.0,9.268311087,3.82e-11
PRT,T_RS,2013,8.492536932,37813.40285,4452545.0,8.492536931,1.03e-10
PRT,T_RS,2014,8.43870252,38155.42467,4521480.0,8.43870252,3.40e-12
PRT,T_RS,2015,8.423743614,38671.59583,4590785.0,8.423743615,7.77e-11
PRT,T_RS,2016,8.851533122,41349.40589,4671440.0,8.851533123,6.20e-11
PRT,T_RS,2017,9.311190518,44937.53732,4826186.0,9.311190518,2.90e-11
PRT,T_RS,2018,9.641549787,47651.65327,4942323.0,9.641549787,4.33e-11
PRT,T_RS,2019,10.06697143,50166.45686,4983272.0,10.066971432,1.61e-10
PRT,T_RS,2020,10.88661859,53174.27324,4884370.0,10.88661859,4.59e-11
PRT,T_RS,2021,11.38023214,56365.4704,4952928.0,11.380232137,2.25e-10
PRT,T_RS,2022,11.5144394,59160.08423,5137904.0,11.514439396,3.55e-10
PRT,T_RS,2023,11.91452201,62410.44663,5238183.0,11.914522007,2.55e-10
PRT,T_RS,2024,12.37514297,65282.76496,5275314.0,12.37514297,2.52e-11
PRT,T_TT,1982,1.895246759,8552.5,4512605.0,1.895246759,1.05e-10
PRT,T_TT,1983,1.997409868,8910.0,4460777.0,1.997409868,1.41e-10
PRT,T_TT,1984,2.109640288,9267.5,4392929.0,2.109640288,7.81e-11
PRT,T_TT,1985,2.258333694,9918.85,4392110.0,2.258333694,7.61e-11
PRT,T_TT,1986,2.473688017,10570.2,4273053.0,2.473688017,1.99e-10
PRT,T_TT,1987,2.454060153,10726.8,4371042.0,2.454060153,6.62e-11
PRT,T_TT,1988,2.436194117,10883.4,4467378.0,2.436194117,1.85e-10
PRT,T_TT,1989,2.518119786,11463.0,4552206.0,2.518119786,1.27e-10
PRT,T_TT,1990,2.600895215,12042.6,4630175.0,2.600895215,1.75e-10
PRT,T_TT,1991,2.677870772,12745.5,4759565.0,2.677870772,7.33e-11
PRT,T_TT,1992,2.872503962,13448.4,4681769.0,2.872503962,1.24e-10
PRT,T_TT,1993,3.063092535,14047.40057,4586019.0,3.063092536,4.08e-10
PRT,T_TT,1994,3.242639472,14715.82428,4538224.0,3.242639473,3.28e-10
PRT,T_TT,1995,3.414739376,15465.3,4528984.0,3.414739376,1.25e-10
PRT,T_TT,1996,3.637460656,16750.048,4604874.0,3.637460656,5.00e-11
PRT,T_TT,1997,3.816442185,18034.796,4725552.0,3.816442185,1.17e-11
PRT,T_TT,1998,3.997471766,19420.24551,4858132.0,3.997471767,2.32e-10
PRT,T_TT,1999,4.217450401,20805.69501,4933240.0,4.2174504,2.99e-10
PRT,T_TT,2000,4.341186897,21887.66091,5041861.0,4.341186897,1.39e-11
PRT,T_TT,2001,4.477429803,22969.62681,5130092.0,4.477429802,1.28e-10
PRT,T_TT,2002,4.70870561,24249.51841,5149933.0,4.70870561,7.32e-11
PRT,T_TT,2003,5.005579205,25529.41001,5100191.0,5.005579205,4.42e-11
PRT,T_TT,2004,5.060757386,25628.60658,5064184.0,5.060757386,8.05e-11
PRT,T_TT,2005,5.103751718,25727.80316,5040959.0,5.103751719,1.31e-10
PRT,T_TT,2006,6.032700464,30530.6766,5060864.0,6.032700464,3.41e-11
PRT,T_TT,2007,6.980746522,35333.6,5061579.0,6.980746522,2.21e-12
PRT,T_TT,2008,9.425310042,47881.7626,5080126.0,9.425310042,5.07e-11
PRT,T_TT,2009,9.530609307,47097.27859,4941686.0,9.530609308,1.30e-10
PRT,T_TT,2010,9.77474077,47615.93908,4871325.0,9.77474077,2.98e-11
PRT,T_TT,2011,10.37828271,49599.1,4779124.0,10.378282715,4.41e-10
PRT,T_TT,2012,10.37095969,47554.2,4585323.0,10.37095969,2.88e-11
PRT,T_TT,2013,10.49089367,46711.17617,4452545.0,10.490893673,3.02e-10
PRT,T_TT,2014,10.36774552,46877.55401,4521480.0,10.367745519,8.04e-11
PRT,T_TT,2015,10.45555759,47999.21693,4590785.0,10.455557585,4.34e-10
PRT,T_TT,2016,10.79031078,50406.2894,4671440.0,10.790310782,1.96e-10
PRT,T_TT,2017,11.39509175,54994.83225,4826186.0,11.395091745,4.10e-10
PRT,T_TT,2018,11.76655042,58154.09275,4942323.0,11.766550416,3.68e-10
PRT,T_TT,2019,12.33229914,61455.20098,4983272.0,12.332299136,3.25e-10
PRT,T_TT,2020,13.52149845,66044.0014,4884370.0,13.521498453,2.39e-10
PRT,T_TT,2021,14.08636873,69768.77008,4952928.0,14.086368726,3.03e-10
PRT,T_TT,2022,14.42270444,74102.47082,5137904.0,14.422704437,1.77e-10
PRT,T_TT,2023,15.1904394,79570.30141,5238183.0,15.190439397,2.21e-10
PRT,T_TT,2024,15.92548789,84011.94923,5275314.0,15.925487891,8.39e-11
ROU,T_RS,1995,2.821605337,32780.0,11617500.0,2.821605337,7.92e-11
ROU,T_RS,1996,2.696860204,30303.0,11236400.0,2.696860204,1.25e-10
ROU,T_RS,1997,2.508934954,28431.0,11331900.0,2.508934954,1.84e-10
ROU,T_RS,1998,2.501706081,27494.0,10990100.0,2.501706081,2.90e-11
ROU,T_RS,1999,2.162314034,23473.0,10855500.0,2.162314034,1.67e-10
ROU,T_RS,2000,1.900924654,20476.0,10771600.0,1.900924654,1.48e-10
ROU,T_RS,2001,1.850937855,19726.0,10657300.0,1.850937855,1.06e-10
ROU,T_RS,2002,2.118885721,20286.0,9573900.0,2.118885721,2.11e-10
ROU,T_RS,2003,2.190837461,20965.0,9569400.0,2.190837461,3.37e-11
ROU,T_RS,2004,2.313687075,21257.0,9187500.0,2.313687075,7.35e-11
ROU,T_RS,2005,2.50656721,22958.0,9159140.0,2.50656721,1.83e-10
ROU,T_RS,2006,2.033620327,19021.0,9353270.0,2.033620327,2.15e-10
ROU,T_RS,2007,1.982203589,18808.0,9488430.0,1.982203589,1.31e-12
ROU,T_RS,2008,2.072201155,19394.0,9359130.0,2.072201155,2.17e-10
ROU,T_RS,2009,2.137156875,19271.0,9017120.0,2.137156875,3.63e-11
ROU,T_RS,2010,2.267035719,19780.0,8725050.0,2.267035719,3.08e-12
ROU,T_RS,2011,1.886728251,16080.0,8522690.0,1.886728251,1.55e-10
ROU,T_RS,2012,2.083906863,18016.0,8645300.0,2.083906863,1.50e-10
ROU,T_RS,2013,2.167713025,18576.0,8569400.0,2.167713025,1.92e-10
ROU,T_RS,2014,2.097259861,18109.0,8634600.0,2.097259861,2.32e-10
ROU,T_RS,2015,2.047808391,17459.0,8525700.0,2.047808391,4.88e-11
ROU,T_RS,2016,2.140789599,18046.0,8429600.0,2.140789599,2.07e-10
ROU,T_RS,2017,2.029660526,17518.0,8631000.0,2.029660526,5.37e-12
ROU,T_RS,2018,1.99252211,17213.0,8638800.0,1.99252211,2.25e-10
ROU,T_RS,2019,2.005896295,17350.0,8649500.0,2.005896295,2.08e-10
ROU,T_RS,2020,2.16369023,18331.0,8472100.0,2.16369023,1.32e-10
ROU,T_RS,2021,2.239157431,19113.0,8535800.0,2.239157431,2.46e-11
ROU,T_RS,2022,2.225710797,19140.0,8599500.0,2.225710797,6.26e-11
ROU,T_RS,2023,2.442306787,20743.0,8493200.0,2.442306787,1.61e-10
ROU,T_RS,2024,2.48003431,21396.0,8627300.0,2.48003431,1.24e-10
ROU,T_TT,1995,5.245448677,60939.0,11617500.0,5.245448677,8.28e-11
ROU,T_TT,1996,5.331511872,59907.0,11236400.0,5.331511872,2.44e-11
ROU,T_TT,1997,4.803784008,54436.0,11331900.0,4.803784008,4.69e-12
ROU,T_TT,1998,4.772841011,52454.0,10990100.0,4.772841011,9.55e-11
ROU,T_TT,1999,4.061627746,44091.0,10855500.0,4.061627746,7.48e-11
ROU,T_TT,2000,3.146422073,33892.0,10771600.0,3.146422073,4.50e-11
ROU,T_TT,2001,3.062595592,32639.0,10657300.0,3.062595592,8.03e-11
ROU,T_TT,2002,3.425876602,32799.0,9573900.0,3.425876602,3.42e-12
ROU,T_TT,2003,3.45653855,33077.0,9569400.0,3.45653855,1.12e-11
ROU,T_TT,2004,3.631129252,33361.0,9187500.0,3.631129252,8.24e-11
ROU,T_TT,2005,3.62719644,33222.0,9159140.0,3.62719644,4.40e-11
ROU,T_TT,2006,3.136870848,29340.0,9353270.0,3.136870848,1.20e-10
ROU,T_TT,2007,3.053929891,28977.0,9488430.0,3.053929891,1.50e-10
ROU,T_TT,2008,3.247096685,30390.0,9359130.0,3.247096685,8.28e-11
ROU,T_TT,2009,3.149342584,28398.0,9017120.0,3.149342584,3.66e-11
ROU,T_TT,2010,2.999524358,26171.0,8725050.0,2.999524358,8.87e-12
ROU,T_TT,2011,3.490564599,29749.0,8522690.0,3.490564599,7.57e-11
ROU,T_TT,2012,3.601378784,31135.0,8645300.0,3.601378784,4.22e-11
ROU,T_TT,2013,3.7933811,32507.0,8569400.0,3.7933811,5.11e-11
ROU,T_TT,2014,3.635489774,31391.0,8634600.0,3.635489774,8.22e-11
ROU,T_TT,2015,3.674888865,31331.0,8525700.0,3.674888865,1.17e-10
ROU,T_TT,2016,3.823668976,32232.0,8429600.0,3.823668976,2.78e-12
ROU,T_TT,2017,3.775460549,32586.0,8631000.0,3.775460549,4.85e-11
ROU,T_TT,2018,3.696462472,31933.0,8638800.0,3.696462472,9.75e-11
ROU,T_TT,2019,3.660905255,31665.0,8649500.0,3.660905255,9.86e-11
ROU,T_TT,2020,3.917446678,33189.0,8472100.0,3.917446678,2.06e-11
ROU,T_TT,2021,4.014855081,34270.0,8535800.0,4.014855081,1.17e-11
ROU,T_TT,2022,4.140589569,35607.0,8599500.0,4.140589569,3.89e-11
ROU,T_TT,2023,4.153087176,35273.0,8493200.0,4.153087176,9.08e-11
ROU,T_TT,2024,4.268774704,36828.0,8627300.0,4.268774704,1.04e-10
RUS,T_RS,1998,8.423884784,492494.0,58464000.0,8.423884784,2.39e-11
RUS,T_RS,1999,7.896258638,497030.0,62945000.0,7.896258638,6.26e-11
RUS,T_RS,2000,7.782695559,506420.0,65070000.0,7.782695559,4.76e-11
RUS,T_RS,2001,7.766503386,505778.0,65123000.0,7.766503386,1.28e-11
RUS,T_RS,2002,7.380008701,491944.0,66659000.0,7.380008701,8.33e-14
RUS,T_RS,2003,7.348271756,487477.0,66339000.0,7.348271756,4.37e-11
RUS,T_RS,2004,7.095277708,477647.0,67319000.0,7.095277708,5.20e-11
RUS,T_RS,2005,6.798124058,464577.0,68339000.0,6.798124058,7.28e-13
RUS,T_RS,2006,6.713368706,464357.0,69169000.0,6.713368706,5.45e-11
RUS,T_RS,2007,6.628175781,469076.0,70770000.0,6.628175781,4.56e-11
RUS,T_RS,2008,6.354844162,451213.0,71003000.0,6.354844162,7.64e-11
RUS,T_RS,2009,6.371747587,442263.0,69410000.0,6.371747587,3.09e-11
RUS,T_RS,2010,6.321260045,442071.0,69934000.0,6.321260045,2.93e-11
RUS,T_RS,2011,6.316651848,447579.0,70857000.0,6.316651848,1.40e-11
RUS,T_RS,2012,6.195667063,443269.0,71545000.0,6.195667063,5.04e-11
RUS,T_RS,2013,6.171380146,440581.0,71391000.0,6.171380146,7.00e-12
RUS,T_RS,2014,6.218496205,444865.0,71539000.0,6.218496205,2.13e-11
RUS,T_RS,2015,6.210663127,449180.0,72324000.0,6.210663127,6.35e-12
RUS,T_RS,2016,5.924384954,428884.0,72393000.0,5.924384954,5.85e-11
RUS,T_RS,2017,5.678093368,410617.0,72316000.0,5.678093368,7.01e-13
RUS,T_RS,2018,5.594385926,405772.0,72532000.0,5.594385926,3.79e-11
RUS,T_RS,2019,5.569947034,400663.0,71933000.0,5.569947034,8.18e-12
RUS,T_RS,2020,5.625798501,397187.0,70601000.0,5.625798501,7.78e-11
RUS,T_TT,1998,16.54862822,967499.0,58464000.0,16.548628216,2.63e-10
RUS,T_TT,1999,15.71675272,989291.0,62945000.0,15.716752721,4.00e-11
RUS,T_TT,2000,15.47959121,1007257.0,65070000.0,15.479591209,3.45e-11
RUS,T_TT,2001,15.47979976,1008091.0,65123000.0,15.479799764,2.28e-10
RUS,T_TT,2002,14.80451252,986854.0,66659000.0,14.804512519,7.16e-11
RUS,T_TT,2003,14.67284704,973382.0,66339000.0,14.672847043,2.19e-10
RUS,T_TT,2004,14.13522185,951569.0,67319000.0,14.135221854,2.94e-10
RUS,T_TT,2005,13.4581425,919716.0,68339000.0,13.458142496,3.34e-10
RUS,T_TT,2006,13.25028553,916509.0,69169000.0,13.250285533,1.91e-10
RUS,T_TT,2007,12.89092836,912291.0,70770000.0,12.890928359,4.08e-11
RUS,T_TT,2008,12.24979226,869772.0,71003000.0,12.249792262,1.88e-10
RUS,T_TT,2009,12.18760985,845942.0,69410000.0,12.187609854,3.68e-10
RUS,T_TT,2010,12.01121057,839992.0,69934000.0,12.01121057,2.83e-12
RUS,T_TT,2011,11.84333235,839183.0,70857000.0,11.843332345,3.86e-10
RUS,T_TT,2012,11.57874065,828401.0,71545000.0,11.578740653,2.36e-10
RUS,T_TT,2013,11.58035327,826733.0,71391000.0,11.580353266,3.61e-10
RUS,T_TT,2014,11.59074071,829190.0,71539000.0,11.590740715,4.19e-10
RUS,T_TT,2015,11.52665782,833654.0,72324000.0,11.526657818,2.08e-10
RUS,T_TT,2016,11.08279806,802317.0,72393000.0,11.082798061,5.29e-11
RUS,T_TT,2017,10.76048177,778155.0,72316000.0,10.760481774,4.12e-10
RUS,T_TT,2018,10.45692936,758462.0,72532000.0,10.456929355,4.48e-10
RUS,T_TT,2019,10.47914031,753796.0,71933000.0,10.479140311,1.07e-10
RUS,T_TT,2020,10.6049631,748721.0,70601000.0,10.604963103,2.36e-10
SGP,T_RS,1993,3.580354424,5879.3,1642100.0,3.580354424,5.95e-11
SGP,T_RS,1994,3.802706802,6518.6,1714200.0,3.802706802,1.78e-12
SGP,T_RS,1995,4.220326898,7694.5,1823200.0,4.220326898,5.64e-11
SGP,T_RS,1996,4.72946308,9108.0,1925800.0,4.72946308,5.88e-11
SGP,T_RS,1997,4.742730072,9704.1,2046100.0,4.742730072,3.29e-11
SGP,T_RS,1998,5.634102932,11396.1,2022700.0,5.634102932,4.88e-11
SGP,T_RS,1999,6.108019005,12598.4,2062600.0,6.108019005,2.28e-11
SGP,T_RS,2000,7.661001336,16632.8,2171100.0,7.661001336,3.54e-11
SGP,T_RS,2001,7.711146937,16740.9,2171000.0,7.711146937,1.36e-11
SGP,T_RS,2002,8.435468554,18120.23,2148100.0,8.435468554,4.68e-11
SGP,T_RS,2003,9.37797396,20023.85,2135200.0,9.37797396,3.04e-11
SGP,T_RS,2004,9.679697272,21359.22,2206600.0,9.679697272,1.85e-11
SGP,T_RS,2005,10.25445493,23789.31,2319900.0,10.254454933,3.32e-10
SGP,T_RS,2006,10.0298169,25033.42,2495900.0,10.0298169,2.84e-11
SGP,T_RS,2007,9.997583126,27301.4,2730800.0,9.997583126,1.76e-11
SGP,T_RS,2008,9.430187657,27839.8,2952200.0,9.430187657,3.58e-11
SGP,T_RS,2009,10.21062648,30526.71,2989700.0,10.210626484,4.17e-10
SGP,T_RS,2010,10.31300554,32028.07,3105600.0,10.313005538,1.57e-10
SGP,T_RS,2011,10.44357537,33713.95,3228200.0,10.443575367,2.80e-10
SGP,T_RS,2012,10.16620004,34132.0,3357400.0,10.166200036,4.19e-10
SGP,T_RS,2013,10.30788871,36011.64,3493600.0,10.307888711,7.62e-11
SGP,T_RS,2014,10.11350591,36647.3,3623600.0,10.113505906,4.22e-10
SGP,T_RS,2015,10.71721554,39182.14,3656000.0,10.717215536,3.63e-10
SGP,T_RS,2016,10.67421252,39207.45,3673100.0,10.674212518,1.84e-10
SGP,T_RS,2017,10.60068676,38898.16,3669400.0,10.600686761,7.34e-11
SGP,T_RS,2018,10.57755195,39293.49,3714800.0,10.577551954,4.11e-10
SGP,T_RS,2019,11.22652274,42484.53,3784300.0,11.226522739,1.17e-10
SGP,T_RS,2020,11.83142952,42632.19,3603300.0,11.831429523,2.48e-10
SGP,T_RS,2021,12.18511365,44225.87,3629500.0,12.185113652,1.66e-10
SGP,T_RS,2022,12.45628824,48452.47,3889800.0,12.456288241,8.35e-11
SGP,T_RS,2023,12.62922185,50345.13,3986400.0,12.629221854,3.41e-10
SGP,T_TT,1993,4.845928993,7957.5,1642100.0,4.845928993,7.47e-11
SGP,T_TT,1994,4.805798623,8238.1,1714200.0,4.805798623,5.50e-11
SGP,T_TT,1995,5.208698991,9496.5,1823200.0,5.208698991,4.12e-11
SGP,T_TT,1996,5.77656039,11124.5,1925800.0,5.77656039,8.43e-11
SGP,T_TT,1997,5.896192757,12064.2,2046100.0,5.896192757,8.10e-12
SGP,T_TT,1998,6.824343699,13803.6,2022700.0,6.824343699,2.37e-12
SGP,T_TT,1999,7.319790556,15097.8,2062600.0,7.319790556,5.34e-11
SGP,T_TT,2000,8.919487817,19365.1,2171100.0,8.919487817,2.64e-11
SGP,T_TT,2001,8.960386918,19453.0,2171000.0,8.960386918,5.25e-11
SGP,T_TT,2002,10.18142079,21870.71,2148100.0,10.18142079,4.58e-11
SGP,T_TT,2003,11.01275759,23514.44,2135200.0,11.012757587,2.62e-10
SGP,T_TT,2004,11.55262395,25492.02,2206600.0,11.552623946,3.17e-10
SGP,T_TT,2005,12.32209147,28586.02,2319900.0,12.322091469,4.38e-11
SGP,T_TT,2006,12.07142113,30129.06,2495900.0,12.071421131,5.42e-11
SGP,T_TT,2007,11.79060349,32197.78,2730800.0,11.790603486,3.26e-10
SGP,T_TT,2008,11.23359528,33163.82,2952200.0,11.233595285,4.34e-10
SGP,T_TT,2009,12.0050975,35891.64,2989700.0,12.005097501,1.18e-10
SGP,T_TT,2010,11.91732998,37010.46,3105600.0,11.917329985,3.81e-10
SGP,T_TT,2011,12.07777089,38989.46,3228200.0,12.077770894,3.31e-10
SGP,T_TT,2012,11.74896646,39445.98,3357400.0,11.748966462,1.82e-10
SGP,T_TT,2013,11.8978618,41566.37,3493600.0,11.897861804,3.73e-10
SGP,T_TT,2014,11.73458439,42521.44,3623600.0,11.734584391,1.03e-10
SGP,T_TT,2015,12.43272429,45454.04,3656000.0,12.432724289,9.33e-11
SGP,T_TT,2016,12.27728077,45095.68,3673100.0,12.277280771,8.23e-11
SGP,T_TT,2017,12.13146563,44515.2,3669400.0,12.131465635,3.88e-10
SGP,T_TT,2018,12.06404113,44815.5,3714800.0,12.064041133,2.29e-10
SGP,T_TT,2019,12.87279814,48714.53,3784300.0,12.87279814,2.47e-11
SGP,T_TT,2020,13.71542475,49420.79,3603300.0,13.71542475,3.39e-11
SGP,T_TT,2021,14.24775864,51712.24,3629500.0,14.247758644,3.12e-10
SGP,T_TT,2022,14.37652321,55921.8,3889800.0,14.376523215,3.17e-10
SGP,T_TT,2023,14.6057947,58224.54,3986400.0,14.605794702,1.36e-10
SVK,T_RS,1994,4.873296625,10249.0,2103093.817,4.873296625,4.34e-11
SVK,T_RS,1995,4.608498316,9711.0,2107194.0,4.608498316,5.00e-11
SVK,T_RS,1996,4.653402842,10010.0,2151114.0,4.653402842,1.06e-10
SVK,T_RS,1997,4.693960184,9993.0,2128906.0,4.693960184,5.22e-11
SVK,T_RS,1998,4.787920377,10145.0,2118874.0,4.787920377,8.83e-11
SVK,T_RS,1999,4.456737111,9204.0,2065188.0,4.456737111,8.60e-11
SVK,T_RS,2000,4.916418418,9955.0,2024848.0,4.916418418,8.54e-11
SVK,T_RS,2001,4.706574424,9585.0,2036513.0,4.706574424,5.89e-12
SVK,T_RS,2002,4.503991829,9181.0,2038414.0,4.503991829,1.30e-11
SVK,T_RS,2003,4.672244046,9627.0,2060466.0,4.672244046,5.04e-11
SVK,T_RS,2004,5.213632556,10717.8,2055726.0,5.213632556,1.72e-11
SVK,T_RS,2005,5.227896476,10920.6,2088909.0,5.227896476,1.97e-11
SVK,T_RS,2006,5.522402828,11775.9,2132387.0,5.522402828,6.87e-11
SVK,T_RS,2007,5.674957096,12354.2,2176968.0,5.674957096,5.14e-11
SVK,T_RS,2008,5.601478146,12587.3,2247139.0,5.601478146,3.78e-11
SVK,T_RS,2009,6.03225007,13290.0,2203158.0,6.03225007,2.10e-11
SVK,T_RS,2010,6.997255996,15182.8,2169822.0,6.997255996,1.63e-11
SVK,T_RS,2011,6.94009409,15325.9,2208313.0,6.94009409,1.11e-11
SVK,T_RS,2012,6.911685899,15270.9,2209432.0,6.911685899,5.24e-11
SVK,T_RS,2013,6.717935127,14727.4,2192251.0,6.717935127,6.85e-12
SVK,T_RS,2014,6.631224448,14742.2,2223149.0,6.631224448,2.35e-11
SVK,T_RS,2015,6.354161291,14405.5,2267097.0,6.354161291,2.38e-11
SVK,T_RS,2016,6.095812281,14148.679,2321049.0,6.095812281,7.05e-11
SVK,T_RS,2017,6.418202757,15225.62,2372256.0,6.418202757,3.22e-11
SVK,T_RS,2018,6.751194263,16337.2285,2419902.0,6.751194263,3.54e-11
SVK,T_RS,2019,6.942987457,16976.9235,2445190.0,6.942987457,1.07e-12
SVK,T_RS,2020,7.201289875,17276.3985,2399070.0,7.201289875,2.41e-11
SVK,T_RS,2021,7.345063431,17518.843,2385118.0,7.345063431,2.40e-11
SVK,T_RS,2022,7.577770664,18393.5,2427297.0,7.577770664,3.18e-11
SVK,T_RS,2023,7.947384779,19344.3955,2434058.0,7.947384779,2.08e-11
SVK,T_RS,2024,8.324425686,20230.7685,2430290.0,8.324425686,2.12e-11
SVK,T_TT,1994,8.205054791,17256.0,2103093.817,8.205054791,5.23e-11
SVK,T_TT,1995,7.679406832,16182.0,2107194.0,7.679406832,3.13e-12
SVK,T_TT,1996,7.722975165,16613.0,2151114.0,7.722975165,5.51e-11
SVK,T_TT,1997,7.687046774,16365.0,2128906.0,7.687046774,3.37e-11
SVK,T_TT,1998,7.768748873,16461.0,2118874.0,7.768748873,2.86e-11
SVK,T_TT,1999,7.190144432,14849.0,2065188.0,7.190144432,5.16e-11
SVK,T_TT,2000,7.517107457,15221.0,2024848.0,7.517107457,6.01e-12
SVK,T_TT,2001,7.081712712,14422.0,2036513.0,7.081712712,1.76e-11
SVK,T_TT,2002,6.687061608,13631.0,2038414.0,6.687061608,4.47e-11
SVK,T_TT,2003,6.481058168,13354.0,2060466.0,6.481058168,6.09e-11
SVK,T_TT,2004,6.970238252,14328.9,2055726.0,6.970238252,5.80e-11
SVK,T_TT,2005,6.89527404,14403.6,2088909.0,6.89527404,2.62e-11
SVK,T_TT,2006,7.047454332,15027.9,2132387.0,7.047454332,4.33e-11
SVK,T_TT,2007,7.08370541,15421.0,2176968.0,7.08370541,6.50e-11
SVK,T_TT,2008,6.93152493,15576.1,2247139.0,6.93152493,2.08e-11
SVK,T_TT,2009,7.240334102,15951.6,2203158.0,7.240334102,3.17e-11
SVK,T_TT,2010,8.382023963,18187.5,2169822.0,8.382023963,3.05e-11
SVK,T_TT,2011,8.201735895,18112.0,2208313.0,8.201735895,2.79e-11
SVK,T_TT,2012,8.204190036,18126.6,2209432.0,8.204190036,2.10e-11
SVK,T_TT,2013,7.830444598,17166.3,2192251.0,7.830444598,2.39e-11
SVK,T_TT,2014,7.913999467,17594.0,2223149.0,7.913999467,6.03e-11
SVK,T_TT,2015,7.759306285,17591.1,2267097.0,7.759306285,4.57e-11
SVK,T_TT,2016,7.655185436,17768.0605,2321049.0,7.655185436,5.87e-11
SVK,T_TT,2017,8.013728915,19010.6165,2372256.0,8.013728915,5.17e-11
SVK,T_TT,2018,8.375477602,20267.835,2419902.0,8.375477602,1.73e-12
SVK,T_TT,2019,8.668415542,21195.923,2445190.0,8.668415542,4.04e-11
SVK,T_TT,2020,9.338835882,22404.521,2399070.0,9.338835882,2.55e-11
SVK,T_TT,2021,9.373755932,22357.514,2385118.0,9.373755932,4.56e-11
SVK,T_TT,2022,9.61715851,23343.7,2427297.0,9.61715851,6.53e-12
SVK,T_TT,2023,9.995466829,24329.546,2434058.0,9.995466829,4.68e-11
SVK,T_TT,2024,10.55056536,25640.9335,2430290.0,10.550565365,4.39e-10
SVN,T_RS,1995,5.308694573,4897.0,922449.0,5.308694573,3.46e-11
SVN,T_RS,1996,4.964796287,4489.0,904166.0,4.964796287,8.21e-11
SVN,T_RS,1997,4.530901832,4022.0,887682.0,4.530901832,8.31e-12
SVN,T_RS,1998,4.832296203,4285.0,886742.0,4.832296203,8.39e-11
SVN,T_RS,1999,4.916714608,4427.0,900398.0,4.916714608,8.72e-11
SVN,T_RS,2000,4.740129195,4336.0,914743.0,4.740129195,5.12e-11
SVN,T_RS,2001,4.889279239,4498.0,919972.0,4.889279239,1.36e-11
SVN,T_RS,2002,4.977263492,4642.0,932641.0,4.977263492,9.53e-11
SVN,T_RS,2003,4.06242467,3775.0,929248.0,4.06242467,6.67e-11
SVN,T_RS,2004,4.313085022,4030.0,934366.0,4.313085022,8.29e-11
SVN,T_RS,2005,5.649340803,5253.0,929843.0,5.649340803,5.41e-11
SVN,T_RS,2006,6.201440403,5857.0,944458.0,6.201440403,2.33e-11
SVN,T_RS,2007,6.402986558,6250.0,976107.0,6.402986558,2.72e-11
SVN,T_RS,2008,7.028373359,7032.0,1000516.0,7.028373359,4.93e-11
SVN,T_RS,2009,7.566150469,7446.0,984120.0,7.566150469,6.01e-11
SVN,T_RS,2010,7.995549148,7703.0,963411.0,7.995549148,2.91e-11
SVN,T_RS,2011,9.262719612,8774.0,947238.0,9.262719612,1.92e-11
SVN,T_RS,2012,9.465362569,8884.0,938580.0,9.465362569,1.35e-12
SVN,T_RS,2013,9.382340898,8707.0,928020.0,9.382340898,1.86e-11
SVN,T_RS,2014,9.200636984,8574.0,931892.0,9.200636984,3.43e-11
SVN,T_RS,2015,8.367828559,7900.0,944092.0,8.367828559,9.69e-12
SVN,T_RS,2016,8.443325,8119.0,961588.0,8.443325,1.23e-11
SVN,T_RS,2017,9.399716431,9301.292,989529.0,9.399716431,2.70e-11
SVN,T_RS,2018,9.861656745,10067.578,1020881.0,9.861656745,5.04e-11
SVN,T_RS,2019,10.0472322,10506.451,1045705.9999999999,10.047232205,4.82e-10
SVN,T_RS,2020,10.44353988,10845.0,1038441.0,10.443539883,3.20e-10
SVN,T_RS,2021,10.52141178,11067.694,1051921.0,10.521411779,9.30e-11
SVN,T_RS,2022,10.48134566,11347.0,1082590.0,10.481345662,1.71e-10
SVN,T_RS,2023,10.82494589,11893.0,1098666.0,10.824945889,9.94e-11
SVN,T_RS,2024,10.78379061,11904.0,1103879.0,10.783790615,4.39e-10
SVN,T_TT,1995,10.70953516,9879.0,922449.0,10.709535161,1.21e-10
SVN,T_TT,1996,9.823417381,8882.0,904166.0,9.823417381,3.27e-11
SVN,T_TT,1997,8.995338421,7985.0,887682.0,8.995338421,2.88e-11
SVN,T_TT,1998,9.348829761,8290.0,886742.0,9.348829761,8.61e-12
SVN,T_TT,1999,9.434716648,8495.0,900398.0,9.434716648,5.01e-11
SVN,T_TT,2000,9.366565254,8568.0,914743.0,9.366565254,1.63e-11
SVN,T_TT,2001,9.356806512,8608.0,919972.0,9.356806512,5.32e-11
SVN,T_TT,2002,9.237209173,8615.0,932641.0,9.237209173,3.67e-11
SVN,T_TT,2003,7.323125796,6805.0,929248.0,7.323125796,4.68e-11
SVN,T_TT,2004,7.632983221,7132.0,934366.0,7.632983221,3.83e-11
SVN,T_TT,2005,9.672600643,8994.0,929843.0,9.672600643,3.46e-11
SVN,T_TT,2006,10.36891,9793.0,944458.0,10.368909999,7.96e-11
SVN,T_TT,2007,10.62281082,10369.0,976107.0,10.622810819,1.04e-10
SVN,T_TT,2008,11.58802058,11594.0,1000516.0,11.588020581,1.19e-10
SVN,T_TT,2009,12.61025078,12410.0,984120.0,12.610250782,1.92e-10
SVN,T_TT,2010,13.43144307,12940.0,963411.0,13.431443071,3.77e-11
SVN,T_TT,2011,16.1194969,15269.0,947238.0,16.119496895,2.99e-10
SVN,T_TT,2012,15.95388779,14974.0,938580.0,15.953887788,1.29e-10
SVN,T_TT,2013,16.41020668,15229.0,928020.0,16.410206677,2.08e-10
SVN,T_TT,2014,15.95249235,14866.0,931892.0,15.952492349,6.90e-11
SVN,T_TT,2015,15.0673875,14225.0,944092.0,15.0673875,2.46e-11
SVN,T_TT,2016,14.97834832,14403.0,961588.0,14.978348315,3.01e-10
SVN,T_TT,2017,14.86898312,14713.29,989529.0,14.868983122,1.53e-10
SVN,T_TT,2018,15.36487602,15685.71,1020881.0,15.364876024,2.44e-10
SVN,T_TT,2019,16.24066038,16982.956,1045705.9999999999,16.240660377,1.96e-10
SVN,T_TT,2020,16.21026134,16833.4,1038441.0,16.210261344,2.27e-10
SVN,T_TT,2021,16.53765539,17396.307,1051921.0,16.537655394,2.58e-10
SVN,T_TT,2022,16.03192344,17356.0,1082590.0,16.031923443,1.78e-10
SVN,T_TT,2023,16.27337153,17879.0,1098666.0,16.273371525,3.01e-10
SVN,T_TT,2024,16.42661922,18133.0,1103879.0,16.426619222,1.13e-10
SWE,T_RS,1981,4.126184462,17896.0,4337178.855,4.126184462,2.32e-11
SWE,T_RS,1983,4.420696286,19181.0,4338909.248,4.420696286,1.08e-10
SWE,T_RS,1985,4.954372528,21899.0,4420135.926,4.954372528,8.22e-11
SWE,T_RS,1987,5.06921909,22725.0,4482939.008,5.06921909,5.90e-11
SWE,T_RS,1989,5.548947249,25585.0,4610784.506,5.548947249,1.17e-11
SWE,T_RS,1991,5.784745307,26515.0,4583607.159,5.784745307,8.13e-11
SWE,T_RS,1993,7.047825563,29252.0,4150500.0,7.047825563,2.63e-11
SWE,T_RS,1995,8.059419214,33665.0,4177100.0000000005,8.059419214,3.57e-11
SWE,T_RS,1997,9.016625917,36878.0,4090000.0,9.016625917,1.44e-11
SWE,T_RS,1999,9.404187736,39920.77694,4245000.0,9.404187736,1.70e-11
SWE,T_RS,2001,10.36515452,45995.37319,4437500.0,10.365154522,1.63e-10
SWE,T_RS,2003,10.89786503,48186.0,4421600.0,10.897865026,3.45e-10
SWE,T_RS,2004,11.08072503,48784.0,4402600.0,11.080725026,3.50e-10
SWE,T_RS,2005,12.49795492,55001.0,4400800.0,12.497954917,2.17e-10
SWE,T_RS,2006,12.42647223,55729.0,4484700.0,12.426472228,1.77e-10
SWE,T_RS,2007,9.985178727,45812.0,4588000.0,9.985178727,1.14e-11
SWE,T_RS,2008,10.89111058,50220.0,4611100.0,10.891110581,9.08e-11
SWE,T_RS,2009,10.47239563,47308.0,4517400.0,10.472395626,4.01e-10
SWE,T_RS,2010,10.84352186,49312.0,4547600.0,10.843521858,2.14e-10
SWE,T_RS,2011,10.4685955,48702.0,4652200.0,10.468595503,3.06e-10
SWE,T_RS,2012,10.51149695,49280.0,4688200.0,10.51149695,2.01e-11
SWE,T_RS,2013,13.55447635,64194.0,4736000.0,13.554476351,9.97e-11
SWE,T_RS,2014,13.86864504,66643.0,4805300.0,13.868645038,1.61e-10
SWE,T_RS,2015,13.68144822,66734.0,4877700.0,13.681448224,2.59e-10
SWE,T_RS,2016,14.14484131,70372.0,4975100.0,14.14484131,1.96e-11
SWE,T_RS,2017,14.33988902,73132.0,5099900.0,14.339889017,1.79e-10
SWE,T_RS,2018,14.49085054,75151.0,5186100.0,14.490850543,1.93e-10
SWE,T_RS,2019,15.0647584,78629.0,5219400.0,15.064758401,8.95e-11
SWE,T_RS,2020,15.54311332,80089.0,5152700.0,15.543113319,4.95e-11
SWE,T_RS,2021,16.23154698,84694.589,5217900.0,16.231546983,1.54e-10
SWE,T_RS,2022,16.72265328,90304.0,5400100.0,16.722653284,2.51e-10
SWE,T_RS,2023,17.15294365,93757.99,5466000.0,17.152943652,9.71e-11
SWE,T_RS,2024,17.17174683,93574.0,5449300.0,17.17174683,7.68e-12
SWE,T_TT,1981,9.733054921,42214.0,4337178.855,9.733054921,4.94e-11
SWE,T_TT,1983,10.54619891,45759.0,4338909.248,10.546198914,3.97e-10
SWE,T_TT,1985,11.22114814,49599.0,4420135.926,11.221148134,4.96e-10
SWE,T_TT,1987,11.55737339,51811.0,4482939.008,11.55737339,1.01e-12
SWE,T_TT,1989,11.95653363,55129.0,4610784.506,11.956533629,1.21e-10
SWE,T_TT,1991,11.6947195,53604.0,4583607.159,11.694719495,4.23e-10
SWE,T_TT,1993,13.64341646,56627.0,4150500.0,13.643416456,3.04e-10
SWE,T_TT,1995,14.99485289,62635.0,4177100.0000000005,14.994852888,1.09e-10
SWE,T_TT,1997,16.0135607,65495.46325,4090000.0,16.013560697,1.98e-10
SWE,T_TT,1999,15.70640248,66673.67853,4245000.0,15.706402481,3.60e-11
SWE,T_TT,2001,16.26809865,72189.68774,4437500.0,16.268098646,2.68e-10
SWE,T_TT,2003,16.50488511,72978.0,4421600.0,16.504885109,3.26e-11
SWE,T_TT,2004,16.45822923,72459.0,4402600.0,16.458229228,1.10e-10
SWE,T_TT,2005,17.62338666,77557.0,4400800.0,17.623386657,1.72e-10
SWE,T_TT,2006,17.55189868,78715.0,4484700.0,17.551898678,1.30e-10
SWE,T_TT,2007,16.4163034,75318.0,4588000.0,16.4163034,1.06e-11
SWE,T_TT,2008,17.25163193,79549.0,4611100.0,17.251631932,9.52e-11
SWE,T_TT,2009,17.12555895,77363.0,4517400.0,17.12555895,9.44e-12
SWE,T_TT,2010,17.02392471,77418.0,4547600.0,17.023924708,1.45e-10
SWE,T_TT,2011,16.86191479,78445.0,4652200.0,16.861914793,1.78e-10
SWE,T_TT,2012,17.33543791,81272.0,4688200.0,17.335437908,1.19e-10
SWE,T_TT,2013,17.09396115,80957.0,4736000.0,17.093961149,7.91e-11
SWE,T_TT,2014,17.37102782,83473.0,4805300.0,17.371027823,1.98e-10
SWE,T_TT,2015,17.12917974,83551.0,4877700.0,17.129179736,2.13e-10
SWE,T_TT,2016,18.22877932,90690.0,4975100.0,18.228779321,5.59e-11
SWE,T_TT,2017,17.43720465,88928.0,5099900.0,17.437204651,6.15e-11
SWE,T_TT,2018,17.7418484,92011.0,5186100.0,17.741848402,1.39e-10
SWE,T_TT,2019,17.65950109,92172.0,5219400.0,17.659501092,1.18e-10
SWE,T_TT,2020,18.52679178,95463.0,5152700.0,18.526791779,5.03e-11
SWE,T_TT,2021,18.8569482,98393.67,5217900.0,18.856948198,1.30e-10
SWE,T_TT,2022,19.57297087,105696.0,5400100.0,19.572970871,4.65e-11
SWE,T_TT,2023,19.45279729,106328.99,5466000.0,19.452797292,1.21e-10
SWE,T_TT,2024,19.43328317,105897.79,5449300.0,19.433283174,2.05e-10
TUR,T_RS,1990,0.688118513,11225.0,16312597.02,0.688118513,4.07e-10
TUR,T_RS,1991,0.704679321,11948.0,16955230.060000002,0.704679321,5.09e-10
TUR,T_RS,1992,0.735151069,12573.0,17102607.240000002,0.735151069,3.84e-10
TUR,T_RS,1993,0.835686064,13605.0,16280036.95,0.835686064,3.82e-11
TUR,T_RS,1994,0.822972938,14460.0,17570444.09,0.822972938,3.66e-10
TUR,T_RS,1995,0.877491395,15854.0,18067413.64,0.877491395,6.27e-11
TUR,T_RS,1996,0.972919912,18085.0,18588374.82,0.972919912,3.26e-10
TUR,T_RS,1997,1.016679387,18908.0,18597800.1,1.016679387,2.76e-10
TUR,T_RS,1998,0.991376019,18925.0,19089628.59,0.991376019,2.25e-10
TUR,T_RS,1999,1.038554645,20065.0,19320119.64,1.038554645,2.95e-10
TUR,T_RS,2000,1.220033424,23083.0,18919973.470000003,1.220033423,6.32e-10
TUR,T_RS,2001,1.200303485,22702.0,18913550.009999998,1.200303485,4.09e-10
TUR,T_RS,2002,1.272542414,23995.0,18855953.03,1.272542415,5.39e-10
TUR,T_RS,2003,1.745777258,32660.0,18707999.46,1.745777258,1.71e-12
TUR,T_RS,2004,1.776804259,33876.55,19066000.0,1.776804259,6.18e-11
TUR,T_RS,2005,2.008260127,39138.98162,19489000.0,2.008260127,1.25e-10
TUR,T_RS,2006,2.150919097,42663.48028,19835000.0,2.150919097,2.11e-10
TUR,T_RS,2007,2.466130104,49667.8603,20140000.0,2.466130104,1.10e-10
TUR,T_RS,2008,2.565751198,52810.8569,20583000.0,2.565751198,1.60e-10
TUR,T_RS,2009,2.795129772,57758.5616,20664000.0,2.795129772,1.49e-10
TUR,T_RS,2010,2.931251207,64340.964,21950000.0,2.931251207,9.87e-11
TUR,T_RS,2011,3.085915967,72108.5984,23367000.0,3.085915967,1.23e-11
TUR,T_RS,2012,3.406439251,82122.43745,24108000.0,3.40643925,1.60e-10
TUR,T_RS,2013,3.594917288,89074.86057,24778000.0,3.594917288,8.91e-11
TUR,T_RS,2014,3.497728016,89657.26224,25633000.0,3.497728016,6.55e-11
TUR,T_RS,2015,3.40968477,89777.0,26330000.0,3.40968477,6.57e-11
TUR,T_RS,2016,3.805032148,102382.0,26907000.0,3.805032148,6.09e-11
TUR,T_RS,2017,4.187255991,116904.0,27919000.0,4.187255991,1.09e-10
TUR,T_RS,2018,4.667661412,132949.0,28483000.0,4.667661412,1.51e-11
TUR,T_RS,2019,5.311755604,147619.0,27791000.0,5.311755604,6.26e-11
TUR,T_RS,2020,6.365617757,168486.0,26468130.270000003,6.365617755,2.45e-10
TUR,T_RS,2021,6.695132195,190973.0,28524156.72,6.695132195,4.56e-11
TUR,T_RS,2022,7.080310034,215515.0,30438638.84,7.080310034,7.15e-13
TUR,T_RS,2023,7.353213402,230533.0,31351327.290000003,7.353213402,2.97e-12
TUR,T_RS,2024,7.755959935,250452.98,32291680.48,7.755959934,1.47e-10
TUR,T_TT,1990,0.85522863,13951.0,16312597.02,0.85522863,8.29e-11
TUR,T_TT,1991,0.882854432,14969.0,16955230.060000002,0.882854432,2.71e-10
TUR,T_TT,1992,0.91804716,15701.0,17102607.240000002,0.91804716,3.36e-10
TUR,T_TT,1993,0.988142721,16087.0,16280036.95,0.98814272,6.06e-10
TUR,T_TT,1994,0.961785594,16899.0,17570444.09,0.961785594,3.52e-10
TUR,T_TT,1995,1.023832208,18498.0,18067413.64,1.023832208,5.92e-12
TUR,T_TT,1996,1.18262087,21983.0,18588374.82,1.18262087,6.89e-11
TUR,T_TT,1997,1.259933964,23432.0,18597800.1,1.259933964,7.14e-11
TUR,T_TT,1998,1.199185196,22892.0,19089628.59,1.199185196,9.90e-11
TUR,T_TT,1999,1.256048123,24267.0,19320119.64,1.256048122,4.10e-10
TUR,T_TT,2000,1.427221875,27003.0,18919973.470000003,1.427221874,4.00e-10
TUR,T_TT,2001,1.464452733,27698.0,18913550.009999998,1.464452733,1.04e-10
TUR,T_TT,2002,1.536066618,28964.0,18855953.03,1.536066618,1.42e-12
TUR,T_TT,2003,2.047680196,38308.0,18707999.46,2.047680196,2.66e-11
TUR,T_TT,2004,2.095885241,39960.148,19066000.0,2.095885241,1.23e-10
TUR,T_TT,2005,2.527140176,49251.4349,19489000.0,2.527140177,2.02e-10
TUR,T_TT,2006,2.744841082,54443.92287,19835000.0,2.744841082,1.57e-10
TUR,T_TT,2007,3.146800506,63376.5622,20140000.0,3.146800506,1.45e-10
TUR,T_TT,2008,3.266972953,67244.1043,20583000.0,3.266972953,1.25e-10
TUR,T_TT,2009,3.557903634,73520.5207,20664000.0,3.557903634,9.55e-11
TUR,T_TT,2010,3.726266164,81791.5423,21950000.0,3.726266164,2.45e-12
TUR,T_TT,2011,3.971459601,92801.0965,23367000.0,3.971459601,3.70e-11
TUR,T_TT,2012,4.360451385,105121.762,24108000.0,4.360451385,9.91e-11
TUR,T_TT,2013,4.559248904,112969.0694,24778000.0,4.559248906,5.02e-10
TUR,T_TT,2014,4.503731399,115444.147,25633000.0,4.503731401,4.28e-10
TUR,T_TT,2015,4.439992404,116905.0,26330000.0,4.439992404,2.29e-11
TUR,T_TT,2016,5.172520162,139177.0,26907000.0,5.172520162,7.66e-12
TUR,T_TT,2017,5.679393961,158563.0,27919000.0,5.679393961,1.79e-11
TUR,T_TT,2018,6.278095706,178819.0,28483000.0,6.278095706,3.36e-11
TUR,T_TT,2019,7.014932892,194952.0,27791000.0,7.014932892,8.06e-12
TUR,T_TT,2020,8.241118576,218127.0,26468130.270000003,8.241118574,1.84e-10
TUR,T_TT,2021,8.550822462,243905.0,28524156.72,8.550822462,3.70e-11
TUR,T_TT,2022,8.956970824,272638.0,30438638.84,8.956970824,4.46e-11
TUR,T_TT,2023,9.277119189,290850.0,31351327.290000003,9.277119189,9.21e-12
TUR,T_TT,2024,9.614621953,310472.3,32291680.48,9.614621952,1.36e-10
TWN,T_RS,1996,5.04830172,45778.0,9068000.0,5.04830172,6.64e-11
TWN,T_RS,1997,5.184503051,47573.0,9176000.0,5.184503051,8.46e-11
TWN,T_RS,1998,5.758639251,53492.0,9289000.0,5.758639251,4.75e-11
TWN,T_RS,1999,5.843793287,54844.0,9385000.0,5.843793287,2.74e-11
TWN,T_RS,2000,5.843480574,55460.47413,9491000.0,5.843480574,3.91e-11
TWN,T_RS,2001,6.357927124,59656.43021,9383000.0,6.357927125,9.23e-11
TWN,T_RS,2002,7.392287033,69886.68161,9454000.0,7.392287033,2.58e-13
TWN,T_RS,2003,7.846101847,75110.73298,9573000.0,7.846101847,1.77e-11
TWN,T_RS,2004,8.298468442,81208.81218,9786000.0,8.298468443,8.11e-11
TWN,T_RS,2005,8.937737643,88858.98765,9942000.0,8.937737643,3.71e-11
TWN,T_RS,2006,9.413122618,95176.08279,10111000.0,9.413122618,6.28e-12
TWN,T_RS,2007,10.0821411,103785.5605,10294000.0,10.082141102,1.60e-10
TWN,T_RS,2008,10.57996495,110063.3754,10403000.0,10.579964952,2.29e-10
TWN,T_RS,2009,11.60808572,119319.5131,10279000.0,11.608085718,1.33e-10
TWN,T_RS,2010,12.2114945,128135.2118,10493000.0,12.211494501,8.97e-11
TWN,T_RS,2011,12.55982551,134503.1714,10709000.0,12.559825511,9.97e-11
TWN,T_RS,2012,12.86955325,139763.3483,10860000.0,12.86955325,3.58e-11
TWN,T_RS,2013,12.83679406,140781.1205,10967000.0,12.836794064,3.12e-10
TWN,T_RS,2014,12.85840878,142458.3108,11079000.0,12.858408773,5.17e-10
TWN,T_RS,2015,12.93413869,144836.485,11198000.0,12.934138685,3.49e-10
TWN,T_RS,2016,13.05945952,147140.9304,11267000.0,13.059459519,8.05e-11
TWN,T_RS,2017,13.20349114,149886.0314,11352000.0,13.203491138,1.42e-10
TWN,T_RS,2018,13.46846154,153998.3892,11434000.0,13.468461536,3.14e-10
TWN,T_RS,2019,13.84002213,159160.2545,11500000.0,13.84002213,3.14e-11
TWN,T_RS,2020,14.21553643,163535.5311,11504000.0,14.215536431,5.67e-11
TWN,T_RS,2021,14.65587112,167765.7567,11447000.0,14.655871119,6.34e-11
TWN,T_RS,2022,15.03048525,171618.0806,11418000.0,15.030485251,9.03e-11
TWN,T_RS,2023,15.25258387,175831.7869,11528000.0,15.252583874,2.65e-10
TWN,T_RS,2024,15.59952836,180876.5313,11595000.0,15.599528357,1.89e-10
TWN,T_TT,1998,11.31348907,105091.0,9289000.0,11.313489073,2.74e-10
TWN,T_TT,1999,11.13851891,104535.0,9385000.0,11.138518913,2.84e-10
TWN,T_TT,2000,11.01755685,104567.6321,9491000.0,11.017556854,3.50e-10
TWN,T_TT,2001,11.48424253,107756.6477,9383000.0,11.484242534,3.81e-10
TWN,T_TT,2002,12.69437811,120012.6506,9454000.0,12.694378105,4.33e-10
TWN,T_TT,2003,13.33209937,127628.1872,9573000.0,13.332099363,5.41e-10
TWN,T_TT,2004,14.16352047,138604.2114,9786000.0,14.163520478,5.81e-10
TWN,T_TT,2005,15.00239977,149153.8585,9942000.0,15.002399769,8.94e-11
TWN,T_TT,2006,15.95431484,161314.0774,10111000.0,15.954314845,3.27e-10
TWN,T_TT,2007,17.11449914,176176.6542,10294000.0,17.114499145,3.00e-10
TWN,T_TT,2008,17.75830823,184739.6805,10403000.0,17.758308228,9.03e-11
TWN,T_TT,2009,19.18244844,197176.3876,10279000.0,19.182448448,4.32e-10
TWN,T_TT,2010,20.12916013,211215.2773,10493000.0,20.129160135,2.65e-10
TWN,T_TT,2011,20.71740016,221862.6383,10709000.0,20.717400159,6.06e-11
TWN,T_TT,2012,21.0617941,228731.084,10860000.0,21.061794107,3.24e-10
TWN,T_TT,2013,21.31498626,233761.4543,10967000.0,21.314986259,5.74e-11
TWN,T_TT,2014,21.66025017,239973.9117,11079000.0,21.660250176,2.77e-10
TWN,T_TT,2015,21.91476124,245401.4963,11198000.0,21.914761234,2.67e-10
TWN,T_TT,2016,22.23263371,250495.084,11267000.0,22.232633709,4.22e-11
TWN,T_TT,2017,22.48321019,255229.4021,11352000.0,22.483210192,9.06e-11
TWN,T_TT,2018,22.94096027,262306.9397,11434000.0,22.940960268,1.04e-10
TWN,T_TT,2019,23.61558081,271579.1793,11500000.0,23.615580809,5.52e-11
TWN,T_TT,2020,24.30865936,279646.8172,11504000.0,24.308659353,2.77e-10
TWN,T_TT,2021,25.10788598,287409.9708,11447000.0,25.107885979,4.54e-11
TWN,T_TT,2022,25.82573914,294878.2894,11418000.0,25.825739131,3.41e-10
TWN,T_TT,2023,26.25862527,302709.4321,11528000.0,26.258625269,4.15e-11
TWN,T_TT,2024,26.83532677,311155.6139,11595000.0,26.83532677,5.95e-12
USA,T_RS,1991,6.803986749,822350.2504,120863000.0,6.803986749,5.40e-11
USA,T_RS,1992,6.981899684,848105.3184,121472000.0,6.981899684,1.75e-11
USA,T_RS,1993,6.985768438,859661.6782,123059000.0,6.985768438,1.38e-11
USA,T_RS,1994,6.743251566,847680.6679,125708000.0,6.743251566,4.87e-11
USA,T_RS,1995,6.802859156,866983.5823,127444000.0,6.802859156,2.62e-11
USA,T_RS,1996,7.058427923,911624.2,129154000.0,7.058427923,3.60e-11
USA,T_RS,1997,7.172718537,946325.4474,131934000.0,7.172718537,6.40e-11
USA,T_RS,1998,7.45855585,997842.8944,133785000.0,7.45855585,7.77e-12
USA,T_RS,1999,7.56546765,1027231.632,135779000.0,7.56546765,4.80e-11
USA,T_RS,2000,7.465865809,1039061.874,139175000.0,7.465865809,3.12e-11
USA,T_RS,2001,7.623100746,1061303.332,139222000.0,7.623100746,5.62e-11
USA,T_RS,2002,7.811824584,1084335.935,138807000.0,7.811824584,2.89e-11
USA,T_RS,2003,8.246275863,1155171.308,140084000.0,8.246275863,6.50e-12
USA,T_RS,2004,7.942285006,1124381.346,141569000.0,7.942285006,1.28e-11
USA,T_RS,2005,7.734223823,1113573.546,143980000.0,7.734223823,3.19e-11
USA,T_RS,2006,7.749781862,1136722.504,146678000.0,7.749781862,4.01e-11
USA,T_RS,2007,7.64856128,1134243.395,148295000.0,7.64856128,1.55e-11
USA,T_RS,2008,8.025576045,1184920.124,147643000.0,8.025576045,1.01e-11
USA,T_RS,2009,8.702989788,1237417.197,142183000.0,8.702989788,2.20e-11
USA,T_RS,2010,8.344513933,1179797.447,141386000.0,8.344513933,5.84e-11
USA,T_RS,2011,8.624151896,1226207.789,142183000.0,8.624151896,2.36e-11
USA,T_RS,2012,8.486643627,1228441.665,144750000.0,8.486643627,6.72e-12
USA,T_RS,2013,8.642628004,1263439.86,146187000.0,8.642628004,1.64e-11
USA,T_RS,2014,8.804923606,1307592.79,148507000.0,8.804923606,3.35e-11
USA,T_RS,2015,8.811328179,1330563.423,151006000.0,8.811328179,1.45e-12
USA,T_RS,2016,8.61064007,1322490.987,153588000.0,8.61064007,5.38e-11
USA,T_RS,2017,8.848452606,1375872.441,155493000.0,8.848452606,4.71e-11
USA,T_RS,2018,9.452257092,1492662.631,157916000.0,9.452257092,4.00e-11
USA,T_RS,2019,9.532381399,1522511.957,159720000.0,9.532381399,3.17e-11
USA,T_RS,2020,10.6930316,1603719.494,149978000.0,10.693031605,4.33e-10
USA,T_RS,2021,11.11760615,1720605.198,154764000.0,11.117606149,1.15e-10
USA,T_RS,2022,10.82950939,1737215.748,160415000.0,10.829509385,4.59e-10
USA,T_RS,2023,10.62458198,1733124.311,163124000.0,10.624581981,5.45e-11
USA,T_TT,2022,16.99740049,2726638.0,160415000.0,16.997400492,1.45e-10
ZAF,T_RS,1997,0.925486507,8533.0,9220015.565,0.925486507,3.08e-11
ZAF,T_RS,2001,1.174350855,14182.0,12076459.04,1.174350855,7.08e-11
ZAF,T_RS,2003,1.196273781,14130.9,11812429.75,1.196273781,1.21e-11
ZAF,T_RS,2004,1.487442022,17914.51,12043837.5,1.487442022,2.03e-10
ZAF,T_RS,2005,1.355095267,17303.02,12768858.71,1.355095267,1.68e-10
ZAF,T_RS,2006,1.384083524,18572.75,13418807.23,1.384083524,6.60e-11
ZAF,T_RS,2007,1.434610961,19320.28,13467260.83,1.434610961,7.06e-11
ZAF,T_RS,2008,1.329071971,19384.33,14584861.04,1.32907197,4.74e-10
ZAF,T_RS,2009,1.394484228,19793.064,14193824.21,1.394484228,2.10e-10
ZAF,T_RS,2010,1.357672061,18719.55,13787976.15,1.357672061,1.82e-10
ZAF,T_RS,2011,1.429636696,20115.06,14070050.139999999,1.429636696,2.63e-10
ZAF,T_RS,2012,1.482326809,21382.4,14424889.209999999,1.482326809,3.35e-10
ZAF,T_RS,2013,1.570469156,23346.01,14865627.84,1.570469156,3.12e-10
ZAF,T_RS,2014,1.556280708,23571.9,15146303.540000001,1.556280708,1.35e-10
ZAF,T_RS,2015,1.661892164,26159.4,15740732.51,1.661892163,5.35e-10
ZAF,T_RS,2016,1.752561814,27656.2,15780441.97,1.752561814,1.69e-10
ZAF,T_RS,2017,1.82545824,29515.22,16168663.49,1.82545824,8.11e-11
ZAF,T_RS,2018,1.775751711,29110.83,16393524.969999999,1.77575171,5.08e-10
ZAF,T_RS,2019,1.734466173,28358.27,16349854.76,1.734466172,5.18e-10
ZAF,T_RS,2020,1.834890349,27635.83,15061297.81,1.834890349,1.82e-10
ZAF,T_RS,2021,1.889844365,27763.25,14690760.0,1.889844365,1.28e-10
ZAF,T_RS,2022,1.77047907,27520.31,15543990.59,1.77047907,1.41e-10
ZAF,T_RS,2023,1.670222904,27561.37,16501611.809999999,1.670222904,7.33e-11
ZAF,T_TT,1997,1.940343796,17890.0,9220015.565,1.940343796,3.19e-11
ZAF,T_TT,2001,1.755150241,21196.0,12076459.04,1.755150241,2.60e-10
ZAF,T_TT,2003,2.132385168,25188.65,11812429.75,2.132385168,1.21e-10
ZAF,T_TT,2004,2.465699159,29696.48,12043837.5,2.465699159,1.72e-10
ZAF,T_TT,2005,2.255339389,28798.11,12768858.71,2.255339389,4.30e-11
ZAF,T_TT,2006,2.309027134,30984.39,13418807.23,2.309027134,4.72e-13
ZAF,T_TT,2007,2.328046542,31352.41,13467260.83,2.328046542,1.75e-10
ZAF,T_TT,2008,2.111885051,30801.55,14584861.04,2.111885051,4.18e-11
ZAF,T_TT,2009,2.176388726,30891.279,14193824.21,2.176388727,3.41e-10
ZAF,T_TT,2010,2.138560415,29486.42,13787976.15,2.138560415,8.97e-11
ZAF,T_TT,2011,2.201728472,30978.43,14070050.139999999,2.201728472,1.39e-10
ZAF,T_TT,2012,2.429848818,35050.3,14424889.209999999,2.429848818,9.42e-11
ZAF,T_TT,2013,2.553304874,37956.48,14865627.84,2.553304873,4.99e-10
ZAF,T_TT,2014,2.539563524,38465.0,15146303.540000001,2.539563524,1.66e-10
ZAF,T_TT,2015,2.6081696,41054.5,15740732.51,2.608169599,3.49e-10
ZAF,T_TT,2016,2.6952984,42533.0,15780441.97,2.6952984,1.64e-10
ZAF,T_TT,2017,2.737350556,44259.3,16168663.49,2.737350556,1.33e-10
ZAF,T_TT,2018,2.670218278,43774.29,16393524.969999999,2.670218277,3.60e-10
ZAF,T_TT,2019,2.560034974,41856.2,16349854.76,2.560034974,1.30e-10
ZAF,T_TT,2020,2.845977189,42864.11,15061297.81,2.845977189,9.32e-11
ZAF,T_TT,2021,3.019272658,44355.41,14690760.0,3.019272658,1.52e-10
ZAF,T_TT,2022,2.857709528,44420.21,15543990.59,2.857709527,2.74e-10
ZAF,T_TT,2023,2.681972556,44256.87,16501611.809999999,2.681972556,9.46e-11
